Workbook

Sheet 26
A1: BA DAILY SALES DETAILS
G2: NEW PRODUCTS | AY2: OLD PRODUCTS | CR2: VALUE IN MRP
A3: S.NO | B3: SUPERVISORS | C3: BA NAME | D3: OUTLET NAME | E3: TOWN | F3: Present | G3: FACE CARE | V3: BODY CARE | AH3: HAIR CARE | AT3: PERSONAL CARE | AY3: FACE CARE | BN3: BODY CARE | BZ3: HAIR CARE | CL3: PERSONAL CARE
G4: 330 | H4: 195 | I4: 330 | J4: 195 | K4: 195 | L4: 294 | M4: 177 | N4: 123 | O4: 499 | P4: 499 | Q4: 499 | R4: 499 | S4: 249 | T4: 299 | U4: 150 | V4: 195 | W4: 195 | X4: 195 | Y4: 195 | Z4: 195 | AA4: 294 | AB4: 240 | AC4: 240 | AD4: 195 | AE4: 195 | AF4: 195 | AG4: 420 | AH4: 222 | AI4: 195 | AJ4: 270 | AK4: 270 | AL4: 270 | AM4: 270 | AN4: 330 | AO4: 330 | AP4: 330 | AQ4: 150 | AR4: 294 | AS4: 420 | AT4: 195 | AU4: 294 | AV4: 204 | AW4: 330 | AX4: 240 | AY4: 222 | AZ4: 150 | BA4: 222 | BB4: 150 | BC4: 150 | BD4: 195 | BE4: 150 | BF4: 78 | BG4: 420 | BH4: 420 | BI4: 375 | BJ4: 420 | BK4: 177 | BL4: 177 | BM4: 78 | BN4: 150 | BO4: 150 | BP4: 150 | BQ4: 150 | BR4: 150 | BS4: 240 | BT4: 195 | BU4: 195 | BV4: 150 | BW4: 150 | BX4: 150 | BY4: 294 | BZ4: 150 | CA4: 150 | CB4: 249 | CC4: 249 | CD4: 249 | CE4: 249 | CF4: 330 | CG4: 330 | CH4: 330 | CI4: 150 | CJ4: 294 | CK4: 294 | CL4: 300 | CM4: 195 | CN4: 294 | CO4: 204 | CP4: 330 | CQ4: 240
G5: Gold Facial | H5: Face Wash | I5: Hibiscus Powder | J5: Nalangu Powder | K5: Orange Peel | L5: Rose petals | M5: Kasthuri Manjal | N5: Multani Mitti | O5: Vitamin C Serum | P5: Saffron Serum | Q5: Vitamin C Cream | R5: Saffron Cream | S5: Aleovera Gel (W) | T5: Aleovera Gel (G) | U5: Rose Mist | V5: Pungam Oil Soap | W5: Mahua Oil Soap | X5: Coconut Oil Soap | Y5: Six Oil Soap | Z5: Papaya Soap | AA5: Milk Saffron Soap | AB5: Manjistha Soap | AC5: Vitamin C Soap | AD5: Goat Milk Soap | AE5: Charcoal Soap | AF5: Herbal Soap | AG5: Gold Soap | AH5: Henna Powder | AI5: Hair Wash Powder | AJ5: Rosemary Shampoo | AK5: Onion Shampoo | AL5: Bhringraj Shampoo | AM5: Flaxseed Shampoo | AN5: Flaxseed Conditioner | AO5: Rosemery Conditioner | AP5: Bhringraj Conditioner | AQ5: Hair Color (10g) | AR5: Hair Color (20g) | AS5: Hibiscus Hair Oil | AT5: Napkin L6 | AU5: Napkin L12 | AV5: Napkin XL6 | AW5: Napkin XL12 | AX5: Napkin XXL6 | AY5: Gold Facial | AZ5: Face Wash | BA5: Hibiscus Powder | BB5: Nalangu Powder | BC5: Orange Peel | BD5: Rose petals | BE5: Kasthuri Manjal | BF5: Multani Mitti | BG5: Vitamin C Serum | BH5: Saffron Serum | BI5: Vitamin C Cream | BJ5: Saffron Cream | BK5: Aleovera Gel (W) | BL5: Aleovera Gel (G) | BM5: Rose Mist | BN5: Pungam Oil Soap | BO5: Mahua Oil Soap | BP5: Coconut Oil Soap | BQ5: Six Oil Soap | BR5: Papaya Soap | BS5: Milk Saffron Soap | BT5: Manjistha Soap | BU5: Vitamin C Soap | BV5: Goat Milk Soap | BW5: Charcoal Soap | BX5: Herbal Soap | BY5: Gold Soap | BZ5: Henna Powder | CA5: Hair Wash Powder | CB5: Rosemary Shampoo | CC5: Onion Shampoo | CD5: Bhringraj Shampoo | CE5: Flaxseed Shampoo | CF5: Flaxseed Conditioner | CG5: Rosemery Conditioner | CH5: Bhringraj Conditioner | CI5: Hair Color (10g) | CJ5: Hair Color (20g) | CK5: Hibiscus Hair Oil | CL5: Secure 320 mm | CM5: Napkin L6 | CN5: Napkin L12 | CO5: Napkin XL6 | CP5: Napkin XL12 | CQ5: Napkin XXL6
A6: 1 | B6: Muthumari | C6: Veilaiyeeammal | D6: Refresh | E6: Sankarankovil | F6: 1 | H6: 1 | Q6: 2 | R6: 1 | AA6: 1 | AU6: 1 | CJ6: 1 | CR6: {=SUMPRODUCT($G$4:$CQ$4,G6:CQ6)} -> 2574
A7: 2 | B7: Muthumari | C7: Mageswari D | D7: Joncy super mart | E7: Sivakasi | F7: 1 | G7: 1 | J7: 1 | U7: 1 | Z7: 1 | AD7: 1 | AI7: 1 | AV7: 1 | AW7: 3 | AX7: 1 | CR7: {=SUMPRODUCT($G$4:$CQ$4,G7:CQ7)} -> 2694
A8: 3 | B8: Muthumari | C8: Maheswari P | D8: Ndr super market | E8: Rajapalayam | F8: 1 | N8: 1 | AD8: 3 | AE8: 2 | AJ8: 1 | AK8: 1 | AQ8: 2 | AW8: 1 | CR8: {=SUMPRODUCT($G$4:$CQ$4,G8:CQ8)} -> 2268
A9: 4 | B9: Muthumari | C9: lakshmi prabha | D9: Joncy mart | E9: Sivakasi | F9: 1 | M9: 2 | N9: 1 | T9: 1 | AD9: 1 | AJ9: 1 | AK9: 1 | AM9: 2 | AR9: 2 | CR9: {=SUMPRODUCT($G$4:$CQ$4,G9:CQ9)} -> 2639
A10: 5 | B10: Muthumari | C10: Muthumari M | D10: Mario super market | E10: Rajapalayam | F10: 1 | S10: 1 | U10: 1 | Z10: 1 | AA10: 2 | AJ10: 1 | AS10: 1 | CI10: 6 | CQ10: 1 | CR10: {=SUMPRODUCT($G$4:$CQ$4,G10:CQ10)} -> 3012
A11: 6 | B11: Muthumari | C11: Latha | D11: New balaji | E11: Sivakasi | F11: 1 | M11: 1 | N11: 1 | AC11: 1 | AD11: 1 | AF11: 1 | AG11: 1 | AQ11: 3 | AW11: 1 | AX11: 1 | BB11: 1 | BD11: 1 | BL11: 1 | CR11: {=SUMPRODUCT($G$4:$CQ$4,G11:CQ11)} -> 2892
A12: 7 | B12: Muthumari | C12: Kaliswari S | D12: Tamilnadu super market | E12: Rajapalayam | F12: 1 | N12: 1 | AS12: 1 | BM12: 1 | CO12: 4 | CR12: {=SUMPRODUCT($G$4:$CQ$4,G12:CQ12)} -> 1437
A13: 8 | B13: Muthumari | C13: bahavathi | D13: Jass Super market | E13: Srivilliputhur | F13: 1 | J13: 3 | M13: 2 | R13: 1 | AE13: 1 | AQ13: 2 | CB13: 1 | CR13: {=SUMPRODUCT($G$4:$CQ$4,G13:CQ13)} -> 2182
A14: 9 | B14: Muthumari | C14: Kala | D14: AkM Super Market | E14: Puliankudi | F14: 1 | N14: 1 | P14: 1 | S14: 1 | Z14: 1 | AB14: 1 | AC14: 1 | AD14: 1 | AE14: 1 | AF14: 2 | AG14: 2 | BD14: 1 | CI14: 1 | CR14: {=SUMPRODUCT($G$4:$CQ$4,G14:CQ14)} -> 3511
A15: 10 | B15: Muthumari | C15: Jeyalakshmi | D15: B Cart | E15: Sivakasi | CR15: {=SUMPRODUCT($G$4:$CQ$4,G15:CQ15)} -> 0
A16: 11 | B16: Muthumari | C16: Selvi | D16: Ambika | E16: Senkottai | CR16: {=SUMPRODUCT($G$4:$CQ$4,G16:CQ16)} -> 0
A17: 12 | B17: Muthumari | C17: Sathya | D17: Velayuthannadar | E17: Surandai | F17: 1 | V17: 1 | AJ17: 1 | AL17: 1 | AU17: 2 | AW17: 1 | CI17: 1 | CR17: {=SUMPRODUCT($G$4:$CQ$4,G17:CQ17)} -> 1803
A18: 13 | B18: Esakkiammal | C18: karthigai | D18: Kumar | E18: kovil | F18: 1 | S18: 1 | AF18: 1 | AS18: 3 | BL18: 1 | CI18: 1 | CJ18: 1 | CR18: {=SUMPRODUCT($G$4:$CQ$4,G18:CQ18)} -> 2325
A19: 14 | B19: Esakkiammal | C19: valliammal | D19: Balaji super market | E19: Sattur | F19: 1 | AC19: 1 | AU19: 1 | BB19: 1 | BW19: 2 | CI19: 1 | CR19: {=SUMPRODUCT($G$4:$CQ$4,G19:CQ19)} -> 1134
A20: 15 | B20: Esakkiammal | C20: Revathi | D20: Aryaas super market | E20: Tirunelveli | F20: 1 | H20: 1 | AD20: 1 | AL20: 1 | AQ20: 1 | AX20: 2 | CR20: {=SUMPRODUCT($G$4:$CQ$4,G20:CQ20)} -> 1290
A21: 16 | B21: Esakkiammal | C21: esakkiammal | D21: Ganesh | E21: Tirunelveli | F21: 1 | J21: 2 | Y21: 1 | AA21: 1 | CR21: {=SUMPRODUCT($G$4:$CQ$4,G21:CQ21)} -> 879
A22: 17 | B22: Esakkiammal | C22: Vasantha | D22: V.S.R | E22: Thisayanvilai | F22: 1 | Q22: 1 | AB22: 1 | AC22: 3 | AD22: 2 | AI22: 1 | AJ22: 2 | AK22: 1 | AX22: 2 | BC22: 1 | BP22: 1 | BQ22: 2 | CR22: {=SUMPRODUCT($G$4:$CQ$4,G22:CQ22)} -> 3934
A23: 18 | B23: Esakkiammal | C23: Mahalakshmi | D23: Pothys | E23: Tirunelveli | F23: 1 | H23: 1 | K23: 3 | M23: 3 | R23: 2 | S23: 1 | T23: 2 | X23: 2 | Z23: 3 | AB23: 6 | AC23: 3 | AD23: 2 | AE23: 1 | AG23: 2 | AL23: 1 | AQ23: 1 | AS23: 4 | CJ23: 4 | CO23: 2 | CR23: {=SUMPRODUCT($G$4:$CQ$4,G23:CQ23)} -> 11400
A24: 19 | B24: Esakkiammal | D24: Nachiyar | E24: Tirunelveli | F24: 1 | N24: 1 | Y24: 1 | AA24: 1 | AC24: 1 | AD24: 1 | AE24: 2 | AJ24: 1 | AQ24: 3 | AR24: 1 | AS24: 1 | AV24: 1 | BH24: 1 | CR24: {=SUMPRODUCT($G$4:$CQ$4,G24:CQ24)} -> 3495
A25: 20 | B25: Esakkiammal | C25: Nagalakshmi | D25: BSF CANTEEN | E25: Tirunelveli | CR25: {=SUMPRODUCT($G$4:$CQ$4,G25:CQ25)} -> 0
A26: 21 | B26: Esakkiammal | D26: Samuel super market | E26: Eral | CR26: {=SUMPRODUCT($G$4:$CQ$4,G26:CQ26)} -> 0
A27: 22 | B27: Esakkiammal | C27: Rooth mari | D27: Abu hanifa store | E27: Tirunelveli | CR27: {=SUMPRODUCT($G$4:$CQ$4,G27:CQ27)} -> 0
A28: 23 | B28: Esakkiammal | D28: Ayya supermarket | E28: chettikulam | F28: 1 | AA28: 3 | AC28: 2 | AH28: 2 | AR28: 5 | AS28: 5 | AW28: 2 | BF28: 1 | BM28: 3 | CC28: 5 | CD28: 1 | CE28: 1 | CF28: 1 | CP28: 2 | CR28: {=SUMPRODUCT($G$4:$CQ$4,G28:CQ28)} -> 9081
A29: 24 | B29: Esakkiammal | C29: Kumaradevi | D29: Five star Supermarket | E29: kallidaikurichi | F29: 1 | G29: 1 | AZ29: 1 | BM29: 1 | CR29: {=SUMPRODUCT($G$4:$CQ$4,G29:CQ29)} -> 558
A30: 25 | B30: Esakkiammal | C30: Remove Shop | D30: Jaya super market | E30: panankudi | CR30: {=SUMPRODUCT($G$4:$CQ$4,G30:CQ30)} -> 0
A31: 26 | B31: Esakkiammal | D31: Anita Super Market | E31: Tirunelveli | F31: 1 | X31: 1 | Y31: 1 | AJ31: 1 | AN31: 1 | AO31: 1 | AV31: 1 | AW31: 1 | CR31: {=SUMPRODUCT($G$4:$CQ$4,G31:CQ31)} -> 1854
A32: 27 | B32: Esakkiammal | D32: Sathiya Super Market | E32: Kovilpatti | CR32: {=SUMPRODUCT($G$4:$CQ$4,G32:CQ32)} -> 0
A33: 28 | B33: Viji | C33: Ajitha | D33: Pothys | E33: Nagerkovil | CR33: {=SUMPRODUCT($G$4:$CQ$4,G33:CQ33)} -> 0
A34: 29 | B34: Viji | C34: Bindhu | D34: Ganesh | E34: Nagerkovil | F34: 1 | I34: 1 | J34: 1 | AB34: 1 | AD34: 1 | AJ34: 1 | AK34: 1 | AQ34: 1 | AR34: 2 | AS34: 1 | AU34: 1 | AV34: 1 | AX34: 1 | BE34: 1 | BF34: 1 | BM34: 2 | CR34: {=SUMPRODUCT($G$4:$CQ$4,G34:CQ34)} -> 3780
A35: 30 | B35: Viji | C35: Mahalakshmi | D35: Anantha | E35: Pammam | CR35: {=SUMPRODUCT($G$4:$CQ$4,G35:CQ35)} -> 0
A36: 31 | B36: Viji | C36: Dhanyarani | D36: Varaity | E36: Kaliyakkavilai | F36: 1 | N36: 1 | S36: 1 | AO36: 1 | AQ36: 1 | AT36: 1 | AV36: 1 | AX36: 1 | CR36: {=SUMPRODUCT($G$4:$CQ$4,G36:CQ36)} -> 1491
A37: 32 | B37: Viji | C37: Girija | D37: Louis | E37: Karunkal | F37: 1 | H37: 1 | S37: 1 | W37: 1 | AB37: 1 | AE37: 5 | AW37: 1 | CG37: 1 | CR37: {=SUMPRODUCT($G$4:$CQ$4,G37:CQ37)} -> 2514
A38: 33 | B38: Viji | C38: Girija | D38: Harris | E38: karungal | CR38: {=SUMPRODUCT($G$4:$CQ$4,G38:CQ38)} -> 0
A39: 34 | B39: Viji | D39: Ramasamy | E39: colochal | CR39: {=SUMPRODUCT($G$4:$CQ$4,G39:CQ39)} -> 0
A40: 35 | B40: Viji | C40: Vinoja | D40: One Shop | E40: Marthandam | CR40: {=SUMPRODUCT($G$4:$CQ$4,G40:CQ40)} -> 0
A41: 36 | B41: Viji | C41: vanitha | D41: Akn | E41: Marthandam | CR41: {=SUMPRODUCT($G$4:$CQ$4,G41:CQ41)} -> 0
A42: 37 | B42: Viji | D42: Robins Hypermarket | E42: Singanallur | CR42: {=SUMPRODUCT($G$4:$CQ$4,G42:CQ42)} -> 0
A43: 38 | B43: Viji | C43: Inbalaya | D43: MS Shopping | E43: Townhall | CR43: {=SUMPRODUCT($G$4:$CQ$4,G43:CQ43)} -> 0
A44: 39 | B44: Viji | C44: Gunasundari Saravanan | D44: Thulir | E44: Mettupalayam | F44: 1 | O44: 1 | Y44: 1 | AC44: 1 | AE44: 1 | AQ44: 1 | CR44: {=SUMPRODUCT($G$4:$CQ$4,G44:CQ44)} -> 1279
A45: 40 | B45: Viji | D45: Arthi | E45: Mettupalayam | CR45: {=SUMPRODUCT($G$4:$CQ$4,G45:CQ45)} -> 0
A46: 41 | B46: Viji | C46: Premavathi | D46: Arthi | E46: Vadavalli | CR46: {=SUMPRODUCT($G$4:$CQ$4,G46:CQ46)} -> 0
A47: 42 | B47: Viji | C47: riganaparveen | D47: day2day | E47: kovaipudur | CR47: {=SUMPRODUCT($G$4:$CQ$4,G47:CQ47)} -> 0
A48: 43 | B48: Viji | C48: Sugusk | D48: Rengas | E48: Coimbatore | F48: 1 | AK48: 1 | CR48: {=SUMPRODUCT($G$4:$CQ$4,G48:CQ48)} -> 270
A49: 44 | B49: Viji | C49: Kartheeshwari | D49: SGS Super Market | E49: Coimbatore | F49: 1 | J49: 1 | O49: 1 | Q49: 1 | AK49: 1 | AT49: 2 | AV49: 1 | BD49: 1 | BE49: 1 | CR49: {=SUMPRODUCT($G$4:$CQ$4,G49:CQ49)} -> 2402
A50: 45 | B50: Vimal | C50: Ammu | D50: Ready basket | E50: Chennai | F50: 1 | M50: 2 | Q50: 1 | T50: 1 | AA50: 2 | AJ50: 1 | AK50: 1 | AL50: 1 | AS50: 1 | BM50: 1 | CI50: 2 | CJ50: 1 | CR50: {=SUMPRODUCT($G$4:$CQ$4,G50:CQ50)} -> 3642
A51: 46 | B51: Vimal | C51: Karthika | D51: pandian fancy | E51: Chennai | CR51: {=SUMPRODUCT($G$4:$CQ$4,G51:CQ51)} -> 0
A52: 47 | B52: Vimal | C52: B.Sumithra | D52: New Pandian | E52: T.nagar | F52: 1 | L52: 1 | S52: 2 | U52: 5 | V52: 1 | AY52: 1 | CI52: 1 | CR52: {=SUMPRODUCT($G$4:$CQ$4,G52:CQ52)} -> 2109
A53: 48 | B53: Vimal | D53: GIRI | E53: Thabaram | CR53: {=SUMPRODUCT($G$4:$CQ$4,G53:CQ53)} -> 0
A54: 49 | B54: Vimal | D54: Giri | E54: Tnagar | CR54: {=SUMPRODUCT($G$4:$CQ$4,G54:CQ54)} -> 0
A55: 50 | B55: Vimal | D55: Giri | E55: Pallikaranai | CR55: {=SUMPRODUCT($G$4:$CQ$4,G55:CQ55)} -> 0
A56: 51 | B56: Vimal | D56: GIRI | E56: Nanganallur | CR56: {=SUMPRODUCT($G$4:$CQ$4,G56:CQ56)} -> 0
A57: 52 | B57: Vimal | C57: megala | D57: Green Fresh | E57: Tambaram | CR57: {=SUMPRODUCT($G$4:$CQ$4,G57:CQ57)} -> 0
A58: 53 | B58: Vimal | C58: megala | D58: Rajan Departmental Store | E58: Tambaram | CR58: {=SUMPRODUCT($G$4:$CQ$4,G58:CQ58)} -> 0
A59: 54 | B59: Vimal | C59: megala | D59: Ram Dev | E59: Gunduvanchery | CR59: {=SUMPRODUCT($G$4:$CQ$4,G59:CQ59)} -> 0
A60: 55 | B60: Vimal | C60: Devi | D60: Sun Super market | E60: Madurangam | CR60: {=SUMPRODUCT($G$4:$CQ$4,G60:CQ60)} -> 0
A61: 56 | B61: Vimal | C61: Devi | D61: Sri murugan | E61: Madurangam | F61: 1 | AD61: 1 | AJ61: 1 | AL61: 1 | AP61: 3 | AT61: 2 | CR61: {=SUMPRODUCT($G$4:$CQ$4,G61:CQ61)} -> 2115
A62: 57 | B62: Vimal | D62: Giri | E62: Chinthamani | CR62: {=SUMPRODUCT($G$4:$CQ$4,G62:CQ62)} -> 0
A63: 58 | B63: Vimal | D63: Giri | E63: Annanagar | CR63: {=SUMPRODUCT($G$4:$CQ$4,G63:CQ63)} -> 0
A64: 59 | B64: Vimal | C64: Sai Lakshmi | D64: vairam Store | E64: Tnagar | CR64: {=SUMPRODUCT($G$4:$CQ$4,G64:CQ64)} -> 0
A65: 60 | B65: Vimal | C65: Revathi E | D65: vv mart | E65: Nanganallur | CR65: {=SUMPRODUCT($G$4:$CQ$4,G65:CQ65)} -> 0
A66: 61 | B66: Vimal | D66: vv mart | E66: sembakkam | CR66: {=SUMPRODUCT($G$4:$CQ$4,G66:CQ66)} -> 0
A67: 62 | B67: Vimal | D67: Blessing | E67: Tambaram | CR67: {=SUMPRODUCT($G$4:$CQ$4,G67:CQ67)} -> 0
A68: 63 | B68: yashmeen banu | C68: Saranya | D68: A.one | E68: Sivagangai | F68: 1 | AH68: 1 | BC68: 1 | BW68: 2 | CK68: 1 | CL68: 1 | CQ68: 1 | CR68: {=SUMPRODUCT($G$4:$CQ$4,G68:CQ68)} -> 1506
A69: 64 | B69: yashmeen banu | C69: Kavitha | D69: Orange super market | E69: Paramakudi | F69: 1 | AO69: 1 | BK69: 1 | BN69: 1 | CC69: 1 | CK69: 1 | CR69: {=SUMPRODUCT($G$4:$CQ$4,G69:CQ69)} -> 1200
A70: 65 | B70: yashmeen banu | C70: parsath | D70: Vanavil | E70: Devakottai | CR70: {=SUMPRODUCT($G$4:$CQ$4,G70:CQ70)} -> 0
A71: 66 | B71: yashmeen banu | C71: pandiselvi | D71: natraj super market | E71: thirumangalam | F71: 1 | G71: 1 | AA71: 2 | AD71: 1 | CR71: {=SUMPRODUCT($G$4:$CQ$4,G71:CQ71)} -> 1113
A72: 67 | B72: yashmeen banu | C72: divya | D72: alfaritha | E72: ramnad | F72: 1 | S72: 2 | AI72: 1 | AQ72: 3 | AR72: 2 | BP72: 3 | BQ72: 2 | BR72: 2 | CR72: {=SUMPRODUCT($G$4:$CQ$4,G72:CQ72)} -> 2781
A73: 68 | B73: yashmeen banu | C73: Lakshmi | D73: Anantham super market | E73: theni | CR73: {=SUMPRODUCT($G$4:$CQ$4,G73:CQ73)} -> 0
A74: 69 | B74: yashmeen banu | C74: Anjukam | D74: Elaki shoppin mall | E74: Ramnad | F74: 1 | K74: 1 | N74: 1 | U74: 1 | AG74: 1 | AK74: 2 | AQ74: 1 | CR74: {=SUMPRODUCT($G$4:$CQ$4,G74:CQ74)} -> 1578
A75: 70 | B75: yashmeen banu | C75: Muthumari | D75: ESHA | E75: Virudhunagar | CR75: {=SUMPRODUCT($G$4:$CQ$4,G75:CQ75)} -> 0
A76: 71 | B76: yashmeen banu | C76: Muthumari | D76: paramiltry canteen | E76: viruthunagar | F76: 1 | BM76: 1 | BQ76: 1 | CE76: 1 | CI76: 1 | CR76: {=SUMPRODUCT($G$4:$CQ$4,G76:CQ76)} -> 627
A77: 72 | B77: yashmeen banu | C77: Ellammal | D77: Thirumalai Super MArket | E77: Thirumangalam | CR77: {=SUMPRODUCT($G$4:$CQ$4,G77:CQ77)} -> 0
A78: 73 | B78: yashmeen banu | C78: Ellammal | D78: Thirumalai department | E78: thirumangalam | CR78: {=SUMPRODUCT($G$4:$CQ$4,G78:CQ78)} -> 0
A79: 74 | B79: yashmeen banu | C79: Arthi | D79: Almass super market | E79: Devakottai | F79: 1 | BB79: 1 | BW79: 1 | CR79: {=SUMPRODUCT($G$4:$CQ$4,G79:CQ79)} -> 300
A80: 75 | B80: yashmeen banu | C80: Nandhini | D80: Udhayam | E80: Thirupattur | CR80: {=SUMPRODUCT($G$4:$CQ$4,G80:CQ80)} -> 0
A81: 76 | B81: yashmeen banu | C81: Pakkiya | D81: Karuvapillai SM | E81: thirumangalam | F81: 1 | M81: 1 | Z81: 1 | CE81: 1 | CR81: {=SUMPRODUCT($G$4:$CQ$4,G81:CQ81)} -> 621
A82: 77 | B82: yashmeen banu | C82: Elakkiya | D82: Koyambedu SM | E82: Ramnad | F82: 1 | S82: 1 | AC82: 1 | AQ82: 1 | CR82: {=SUMPRODUCT($G$4:$CQ$4,G82:CQ82)} -> 639
A83: 78 | B83: yashmeen banu | C83: Uma Devi | D83: Rathinam SM | E83: Usilampatti | F83: 1 | O83: 1 | Q83: 2 | R83: 1 | AC83: 2 | AG83: 1 | CR83: {=SUMPRODUCT($G$4:$CQ$4,G83:CQ83)} -> 2896
A84: 78 | D84: Gupta Cosmetics | E84: Kilakkuvasal | CR84: {=SUMPRODUCT($G$4:$CQ$4,G84:CQ84)} -> 0
A85: 79 | B85: vennila | C85: kousalya | D85: bsf canteen | E85: katpadi | F85: 1 | G85: 1 | N85: 1 | T85: 1 | U85: 1 | AA85: 1 | AM85: 1 | AO85: 1 | AW85: 1 | CR85: {=SUMPRODUCT($G$4:$CQ$4,G85:CQ85)} -> 2126
A86: 80 | B86: vennila | C86: sharmila | D86: paneer super market 3 | E86: Tiruvannamalai | F86: 1 | BN86: 1 | BS86: 1 | CR86: {=SUMPRODUCT($G$4:$CQ$4,G86:CQ86)} -> 390
A87: 81 | B87: vennila | C87: santhiya | D87: new poombuhar | E87: vengikal | F87: 1 | N87: 2 | Q87: 1 | R87: 1 | S87: 1 | U87: 1 | AY87: 1 | BO87: 1 | CK87: 1 | CR87: {=SUMPRODUCT($G$4:$CQ$4,G87:CQ87)} -> 2309
A88: 82 | B88: vennila | C88: Anbarasi | D88: sri ranga | E88: gingee | F88: 1 | AA88: 1 | AF88: 1 | BF88: 1 | CK88: 1 | CR88: {=SUMPRODUCT($G$4:$CQ$4,G88:CQ88)} -> 861
A89: 83 | B89: vennila | C89: vidya | D89: vadamalai | E89: tirupattur | CR89: {=SUMPRODUCT($G$4:$CQ$4,G89:CQ89)} -> 0
A90: 84 | B90: vennila | C90: Bhuvaneswari | D90: PANEER 2 | E90: Tiruvannamalai | CR90: {=SUMPRODUCT($G$4:$CQ$4,G90:CQ90)} -> 0
A91: 85 | B91: vennila | C91: Tamilarasi | D91: vasavi | E91: vandavasi | F91: 1 | P91: 1 | AG91: 1 | CR91: {=SUMPRODUCT($G$4:$CQ$4,G91:CQ91)} -> 919
A92: 86 | B92: vennila | D92: sri balaji | E92: gingee | CR92: {=SUMPRODUCT($G$4:$CQ$4,G92:CQ92)} -> 0
A93: 86 | B93: vennila | C93: Anitha | D93: Pothys | E93: Pondicherry | CR93: {=SUMPRODUCT($G$4:$CQ$4,G93:CQ93)} -> 0
A94: 87 | B94: Anmary | C94: Mathavi | D94: Janapriya | E94: pudukottai | F94: 1 | R94: 1 | AC94: 1 | AR94: 1 | BS94: 1 | CM94: 1 | CQ94: 2 | CR94: {=SUMPRODUCT($G$4:$CQ$4,G94:CQ94)} -> 1948
A95: 88 | B95: Anmary | C95: Ramya | D95: National shopping | E95: Kumbankonam | CR95: {=SUMPRODUCT($G$4:$CQ$4,G95:CQ95)} -> 0
A96: 89 | B96: Anmary | D96: National SM | E96: Ponnamaravathi | CR96: {=SUMPRODUCT($G$4:$CQ$4,G96:CQ96)} -> 0
A97: 90 | B97: Anmary | D97: Kurinji Max | E97: Kumbankonam | CR97: {=SUMPRODUCT($G$4:$CQ$4,G97:CQ97)} -> 0
A98: 91 | B98: Anmary | C98: Rajmeena | D98: Balaji super store | E98: usilampatti | CR98: {=SUMPRODUCT($G$4:$CQ$4,G98:CQ98)} -> 0
A99: 91 | B99: Anmary | C99: Jancy | D99: Keerthi Super Market | E99: Vedasandhur | F99: 1 | N99: 2 | P99: 1 | AA99: 1 | AL99: 1 | AS99: 1 | CR99: {=SUMPRODUCT($G$4:$CQ$4,G99:CQ99)} -> 1729
A100: 91 | B100: Anmary | D100: SVR Super Market | E100: Dindigul | CR100: {=SUMPRODUCT($G$4:$CQ$4,G100:CQ100)} -> 0
...

Sheet 27
A1: BA DAILY SALES DETAILS
G2: NEW PRODUCTS | AY2: OLD PRODUCTS | CR2: VALUE IN MRP
A3: S.NO | B3: SUPERVISORS | C3: BA NAME | D3: OUTLET NAME | E3: TOWN | F3: Present | G3: FACE CARE | V3: BODY CARE | AH3: HAIR CARE | AT3: PERSONAL CARE | AY3: FACE CARE | BN3: BODY CARE | BZ3: HAIR CARE | CL3: PERSONAL CARE
G4: 330 | H4: 195 | I4: 330 | J4: 195 | K4: 195 | L4: 294 | M4: 177 | N4: 123 | O4: 499 | P4: 499 | Q4: 499 | R4: 499 | S4: 249 | T4: 299 | U4: 150 | V4: 195 | W4: 195 | X4: 195 | Y4: 195 | Z4: 195 | AA4: 294 | AB4: 240 | AC4: 240 | AD4: 195 | AE4: 195 | AF4: 195 | AG4: 420 | AH4: 222 | AI4: 195 | AJ4: 270 | AK4: 270 | AL4: 270 | AM4: 270 | AN4: 330 | AO4: 330 | AP4: 330 | AQ4: 150 | AR4: 294 | AS4: 420 | AT4: 195 | AU4: 294 | AV4: 204 | AW4: 330 | AX4: 240 | AY4: 222 | AZ4: 150 | BA4: 222 | BB4: 150 | BC4: 150 | BD4: 195 | BE4: 150 | BF4: 78 | BG4: 420 | BH4: 420 | BI4: 375 | BJ4: 420 | BK4: 177 | BL4: 177 | BM4: 78 | BN4: 150 | BO4: 150 | BP4: 150 | BQ4: 150 | BR4: 150 | BS4: 240 | BT4: 195 | BU4: 195 | BV4: 150 | BW4: 150 | BX4: 150 | BY4: 294 | BZ4: 150 | CA4: 150 | CB4: 249 | CC4: 249 | CD4: 249 | CE4: 249 | CF4: 330 | CG4: 330 | CH4: 330 | CI4: 150 | CJ4: 294 | CK4: 294 | CL4: 300 | CM4: 195 | CN4: 294 | CO4: 204 | CP4: 330 | CQ4: 240
G5: Gold Facial | H5: Face Wash | I5: Hibiscus Powder | J5: Nalangu Powder | K5: Orange Peel | L5: Rose petals | M5: Kasthuri Manjal | N5: Multani Mitti | O5: Vitamin C Serum | P5: Saffron Serum | Q5: Vitamin C Cream | R5: Saffron Cream | S5: Aleovera Gel (W) | T5: Aleovera Gel (G) | U5: Rose Mist | V5: Pungam Oil Soap | W5: Mahua Oil Soap | X5: Coconut Oil Soap | Y5: Six Oil Soap | Z5: Papaya Soap | AA5: Milk Saffron Soap | AB5: Manjistha Soap | AC5: Vitamin C Soap | AD5: Goat Milk Soap | AE5: Charcoal Soap | AF5: Herbal Soap | AG5: Gold Soap | AH5: Henna Powder | AI5: Hair Wash Powder | AJ5: Rosemary Shampoo | AK5: Onion Shampoo | AL5: Bhringraj Shampoo | AM5: Flaxseed Shampoo | AN5: Flaxseed Conditioner | AO5: Rosemery Conditioner | AP5: Bhringraj Conditioner | AQ5: Hair Color (10g) | AR5: Hair Color (20g) | AS5: Hibiscus Hair Oil | AT5: Napkin L6 | AU5: Napkin L12 | AV5: Napkin XL6 | AW5: Napkin XL12 | AX5: Napkin XXL6 | AY5: Gold Facial | AZ5: Face Wash | BA5: Hibiscus Powder | BB5: Nalangu Powder | BC5: Orange Peel | BD5: Rose petals | BE5: Kasthuri Manjal | BF5: Multani Mitti | BG5: Vitamin C Serum | BH5: Saffron Serum | BI5: Vitamin C Cream | BJ5: Saffron Cream | BK5: Aleovera Gel (W) | BL5: Aleovera Gel (G) | BM5: Rose Mist | BN5: Pungam Oil Soap | BO5: Mahua Oil Soap | BP5: Coconut Oil Soap | BQ5: Six Oil Soap | BR5: Papaya Soap | BS5: Milk Saffron Soap | BT5: Manjistha Soap | BU5: Vitamin C Soap | BV5: Goat Milk Soap | BW5: Charcoal Soap | BX5: Herbal Soap | BY5: Gold Soap | BZ5: Henna Powder | CA5: Hair Wash Powder | CB5: Rosemary Shampoo | CC5: Onion Shampoo | CD5: Bhringraj Shampoo | CE5: Flaxseed Shampoo | CF5: Flaxseed Conditioner | CG5: Rosemery Conditioner | CH5: Bhringraj Conditioner | CI5: Hair Color (10g) | CJ5: Hair Color (20g) | CK5: Hibiscus Hair Oil | CL5: Secure 320 mm | CM5: Napkin L6 | CN5: Napkin L12 | CO5: Napkin XL6 | CP5: Napkin XL12 | CQ5: Napkin XXL6
A6: 1 | B6: Muthumari | C6: Veilaiyeeammal | D6: Refresh | E6: Sankarankovil | F6: 1 | H6: 1 | K6: 1 | M6: 1 | Q6: 1 | S6: 1 | W6: 1 | AD6: 1 | AI6: 1 | AK6: 1 | AQ6: 1 | AV6: 1 | AW6: 1 | CJ6: 3 | CR6: {=SUMPRODUCT($G$4:$CQ$4,G6:CQ6)} -> 3736
A7: 2 | B7: Muthumari | C7: Mageswari D | D7: Joncy super mart | E7: Sivakasi | F7: 1 | V7: 1 | AA7: 2 | AC7: 1 | AQ7: 3 | AW7: 1 | CR7: {=SUMPRODUCT($G$4:$CQ$4,G7:CQ7)} -> 1803
A8: 3 | B8: Muthumari | C8: Maheswari P | D8: Ndr super market | E8: Rajapalayam | F8: 1 | U8: 1 | AD8: 1 | AE8: 1 | AK8: 1 | AQ8: 3 | AW8: 1 | CR8: {=SUMPRODUCT($G$4:$CQ$4,G8:CQ8)} -> 1590
A9: 4 | B9: Muthumari | C9: lakshmi prabha | D9: Joncy mart | E9: Sivakasi | CR9: {=SUMPRODUCT($G$4:$CQ$4,G9:CQ9)} -> 0
A10: 5 | B10: Muthumari | C10: Muthumari M | D10: Mario super market | E10: Rajapalayam | F10: 1 | M10: 1 | Q10: 1 | T10: 1 | V10: 1 | AJ10: 1 | AL10: 1 | CI10: 7 | CR10: {=SUMPRODUCT($G$4:$CQ$4,G10:CQ10)} -> 2760
A11: 6 | B11: Muthumari | C11: Latha | D11: New balaji | E11: Sivakasi | F11: 1 | M11: 1 | AA11: 1 | AC11: 1 | AF11: 2 | AG11: 1 | AJ11: 1 | AK11: 2 | AN11: 1 | AW11: 1 | AX11: 4 | BZ11: 1 | CR11: {=SUMPRODUCT($G$4:$CQ$4,G11:CQ11)} -> 4101
A12: 7 | B12: Muthumari | C12: Kaliswari S | D12: Tamilnadu super market | E12: Rajapalayam | F12: 1 | N12: 1 | S12: 1 | AA12: 1 | AK12: 1 | AL12: 1 | BY12: 1 | CR12: {=SUMPRODUCT($G$4:$CQ$4,G12:CQ12)} -> 1500
A13: 8 | B13: Muthumari | C13: bahavathi | D13: Jass Super market | E13: Srivilliputhur | CR13: {=SUMPRODUCT($G$4:$CQ$4,G13:CQ13)} -> 0
A14: 9 | B14: Muthumari | C14: Kala | D14: AkM Super Market | E14: Puliankudi | F14: 1 | H14: 1 | L14: 1 | R14: 3 | V14: 1 | AC14: 1 | AM14: 1 | CJ14: 1 | CR14: {=SUMPRODUCT($G$4:$CQ$4,G14:CQ14)} -> 2985
A15: 10 | B15: Muthumari | C15: Jeyalakshmi | D15: B Cart | E15: Sivakasi | F15: 1 | AT15: 1 | AV15: 1 | AW15: 2 | AX15: 1 | CR15: {=SUMPRODUCT($G$4:$CQ$4,G15:CQ15)} -> 1299
A16: 11 | B16: Muthumari | C16: Selvi | D16: Ambika | E16: Senkottai | CR16: {=SUMPRODUCT($G$4:$CQ$4,G16:CQ16)} -> 0
A17: 12 | B17: Muthumari | C17: Sathya | D17: Velayuthannadar | E17: Surandai | F17: 1 | N17: 1 | O17: 1 | S17: 1 | W17: 1 | AL17: 1 | AS17: 1 | AX17: 5 | CI17: 2 | CR17: {=SUMPRODUCT($G$4:$CQ$4,G17:CQ17)} -> 3256
A18: 13 | B18: Esakkiammal | C18: karthigai | D18: Kumar | E18: kovil | F18: 1 | V18: 1 | BB18: 1 | BW18: 1 | BZ18: 1 | CG18: 1 | CJ18: 1 | CR18: {=SUMPRODUCT($G$4:$CQ$4,G18:CQ18)} -> 1269
A19: 14 | B19: Esakkiammal | C19: valliammal | D19: Balaji super market | E19: Sattur | F19: 1 | G19: 1 | M19: 5 | Q19: 1 | S19: 3 | U19: 2 | AB19: 3 | AC19: 4 | AD19: 4 | AK19: 1 | AL19: 1 | AW19: 1 | BW19: 1 | CI19: 3 | CR19: {=SUMPRODUCT($G$4:$CQ$4,G19:CQ19)} -> 6691
A20: 15 | B20: Esakkiammal | C20: Revathi | D20: Aryaas super market | E20: Tirunelveli | F20: 1 | N20: 2 | AG20: 1 | AL20: 1 | AQ20: 3 | AR20: 3 | CH20: 1 | CR20: {=SUMPRODUCT($G$4:$CQ$4,G20:CQ20)} -> 2598
A21: 16 | B21: Esakkiammal | C21: esakkiammal | D21: Ganesh | E21: Tirunelveli | F21: 1 | J21: 2 | Y21: 1 | AA21: 1 | AQ21: 1 | CR21: {=SUMPRODUCT($G$4:$CQ$4,G21:CQ21)} -> 1029
A22: 17 | B22: Esakkiammal | C22: Sagunthala | D22: V.S.R | E22: Thisayanvilai | CR22: {=SUMPRODUCT($G$4:$CQ$4,G22:CQ22)} -> 0
A23: 18 | B23: Esakkiammal | C23: Mahalakshmi | D23: Pothys | E23: Tirunelveli | F23: 1 | J23: 1 | N23: 1 | V23: 1 | Z23: 5 | AA23: 2 | AB23: 3 | AC23: 3 | AD23: 1 | AF23: 2 | AG23: 1 | AJ23: 3 | AK23: 1 | AN23: 1 | AQ23: 1 | AS23: 5 | CJ23: 1 | CN23: 1 | CO23: 2 | CP23: 2 | CQ23: 1 | CR23: {=SUMPRODUCT($G$4:$CQ$4,G23:CQ23)} -> 10077
A24: 19 | B24: Esakkiammal | D24: Nachiyar | E24: Tirunelveli | F24: 1 | M24: 1 | Q24: 1 | R24: 1 | Z24: 1 | AA24: 3 | AC24: 1 | AD24: 3 | AG24: 1 | AJ24: 2 | AO24: 1 | CI24: 2 | CR24: {=SUMPRODUCT($G$4:$CQ$4,G24:CQ24)} -> 4667
A25: 20 | B25: Esakkiammal | C25: Nagalakshmi | D25: BSF CANTEEN | E25: Tirunelveli | F25: 1 | Q25: 2 | CB25: 1 | CP25: 1 | CR25: {=SUMPRODUCT($G$4:$CQ$4,G25:CQ25)} -> 1577
A26: 21 | B26: Esakkiammal | D26: Samuel super market | E26: Eral | CR26: {=SUMPRODUCT($G$4:$CQ$4,G26:CQ26)} -> 0
A27: 22 | B27: Esakkiammal | C27: Rooth mari | D27: Abu hanifa store | E27: Tirunelveli | F27: 1 | O27: 1 | AC27: 1 | AJ27: 1 | AK27: 1 | AQ27: 3 | CR27: {=SUMPRODUCT($G$4:$CQ$4,G27:CQ27)} -> 1729
A28: 23 | B28: Esakkiammal | D28: Ayya supermarket | E28: chettikulam | F28: 1 | M28: 3 | Z28: 2 | AC28: 1 | AG28: 1 | BH28: 1 | BN28: 1 | CR28: {=SUMPRODUCT($G$4:$CQ$4,G28:CQ28)} -> 2151
A29: 24 | B29: Esakkiammal | C29: Kumaradevi | D29: Five star Supermarket | E29: kallidaikurichi | F29: 1 | Z29: 1 | CR29: {=SUMPRODUCT($G$4:$CQ$4,G29:CQ29)} -> 195
A30: 25 | B30: Esakkiammal | C30: Remove Shop | D30: Jaya super market | E30: panankudi | CR30: {=SUMPRODUCT($G$4:$CQ$4,G30:CQ30)} -> 0
A31: 26 | B31: Esakkiammal | D31: Anita Super Market | E31: Tirunelveli | CR31: {=SUMPRODUCT($G$4:$CQ$4,G31:CQ31)} -> 0
A32: 27 | B32: Esakkiammal | D32: Sathiya Super Market | E32: Kovilpatti | CR32: {=SUMPRODUCT($G$4:$CQ$4,G32:CQ32)} -> 0
A33: 28 | B33: Viji | C33: Ajitha | D33: Pothys | E33: Nagerkovil | F33: 1 | G33: 1 | M33: 2 | N33: 2 | O33: 1 | Q33: 1 | V33: 3 | AI33: 1 | AS33: 2 | CR33: {=SUMPRODUCT($G$4:$CQ$4,G33:CQ33)} -> 3548
A34: 29 | B34: Viji | C34: Bindhu | D34: Ganesh | E34: Nagerkovil | F34: 1 | G34: 1 | J34: 1 | Q34: 1 | S34: 1 | AB34: 1 | AI34: 1 | AK34: 1 | AQ34: 1 | AR34: 1 | BE34: 1 | BF34: 1 | BM34: 1 | CR34: {=SUMPRODUCT($G$4:$CQ$4,G34:CQ34)} -> 2728
A35: 30 | B35: Viji | C35: Mahalakshmi | D35: Anantha | E35: Pammam | F35: 1 | S35: 1 | AC35: 1 | BL35: 1 | BO35: 2 | BW35: 4 | BY35: 1 | CF35: 1 | CI35: 3 | CJ35: 2 | CR35: {=SUMPRODUCT($G$4:$CQ$4,G35:CQ35)} -> 3228
A36: 31 | B36: Viji | C36: Dhanyarani | D36: Varaity | E36: Kaliyakkavilai | CR36: {=SUMPRODUCT($G$4:$CQ$4,G36:CQ36)} -> 0
A37: 32 | B37: Viji | C37: Girija | D37: Louis | E37: Karunkal | F37: 1 | G37: 1 | P37: 1 | R37: 3 | S37: 1 | AD37: 2 | AM37: 1 | CR37: {=SUMPRODUCT($G$4:$CQ$4,G37:CQ37)} -> 3235
A38: 33 | B38: Viji | C38: Girija | D38: Harris | E38: karungal | CR38: {=SUMPRODUCT($G$4:$CQ$4,G38:CQ38)} -> 0
A39: 34 | B39: Viji | D39: Ramasamy | E39: colochal | CR39: {=SUMPRODUCT($G$4:$CQ$4,G39:CQ39)} -> 0
A40: 35 | B40: Viji | C40: Vinoja | D40: One Shop | E40: Marthandam | F40: 1 | AF40: 1 | AR40: 1 | CR40: {=SUMPRODUCT($G$4:$CQ$4,G40:CQ40)} -> 489
A41: 36 | B41: Viji | C41: vanitha | D41: Akn | E41: Marthandam | CR41: {=SUMPRODUCT($G$4:$CQ$4,G41:CQ41)} -> 0
A42: 37 | B42: Viji | D42: Robins Hypermarket | E42: Singanallur | CR42: {=SUMPRODUCT($G$4:$CQ$4,G42:CQ42)} -> 0
A43: 38 | B43: Viji | C43: Lakshmi Priya | D43: MS Shopping | E43: Townhall | F43: 1 | U43: 2 | AG43: 1 | AJ43: 1 | BN43: 1 | BP43: 1 | BZ43: 1 | CR43: {=SUMPRODUCT($G$4:$CQ$4,G43:CQ43)} -> 1440
A44: 39 | B44: Viji | C44: Gunasundari Saravanan | D44: Thulir | E44: Mettupalayam | F44: 1 | H44: 1 | P44: 1 | U44: 1 | W44: 1 | Y44: 1 | AA44: 1 | AC44: 1 | AW44: 1 | BF44: 1 | CR44: {=SUMPRODUCT($G$4:$CQ$4,G44:CQ44)} -> 2176
A45: 40 | B45: Viji | D45: Arthi | E45: Mettupalayam | CR45: {=SUMPRODUCT($G$4:$CQ$4,G45:CQ45)} -> 0
A46: 41 | B46: Viji | C46: Premavathi | D46: Arthi | E46: Vadavalli | F46: 1 | X46: 1 | CR46: {=SUMPRODUCT($G$4:$CQ$4,G46:CQ46)} -> 195
A47: 42 | B47: Viji | C47: riganaparveen | D47: day2day | E47: kovaipudur | CR47: {=SUMPRODUCT($G$4:$CQ$4,G47:CQ47)} -> 0
A48: 43 | B48: Viji | C48: Sugusk | D48: Rengas | E48: Coimbatore | CR48: {=SUMPRODUCT($G$4:$CQ$4,G48:CQ48)} -> 0
A49: 44 | B49: Viji | C49: Kartheeshwari | D49: SGS Super Market | E49: Coimbatore | F49: 1 | G49: 1 | R49: 1 | S49: 1 | AA49: 1 | AK49: 1 | AQ49: 2 | AT49: 1 | AU49: 1 | AV49: 2 | BA49: 1 | BZ49: 1 | CR49: {=SUMPRODUCT($G$4:$CQ$4,G49:CQ49)} -> 3211
A50: 45 | B50: Vimal | C50: Ammu | D50: Ready basket | E50: Chennai | F50: 1 | M50: 1 | R50: 1 | S50: 2 | AL50: 2 | AS50: 2 | BM50: 1 | CE50: 1 | CI50: 2 | CR50: {=SUMPRODUCT($G$4:$CQ$4,G50:CQ50)} -> 3181
A51: 46 | B51: Vimal | C51: Karthika | D51: pandian fancy | E51: Chennai | CR51: {=SUMPRODUCT($G$4:$CQ$4,G51:CQ51)} -> 0
A52: 47 | B52: Vimal | C52: B.Sumithra | D52: New Pandian | E52: T.nagar | F52: 1 | K52: 2 | N52: 5 | AD52: 1 | AQ52: 2 | CR52: {=SUMPRODUCT($G$4:$CQ$4,G52:CQ52)} -> 1500
A53: 48 | B53: Vimal | D53: GIRI | E53: Thabaram | CR53: {=SUMPRODUCT($G$4:$CQ$4,G53:CQ53)} -> 0
A54: 49 | B54: Vimal | D54: Giri | E54: Tnagar | CR54: {=SUMPRODUCT($G$4:$CQ$4,G54:CQ54)} -> 0
A55: 50 | B55: Vimal | D55: Giri | E55: Pallikaranai | CR55: {=SUMPRODUCT($G$4:$CQ$4,G55:CQ55)} -> 0
A56: 51 | B56: Vimal | D56: GIRI | E56: Nanganallur | CR56: {=SUMPRODUCT($G$4:$CQ$4,G56:CQ56)} -> 0
A57: 52 | B57: Vimal | C57: megala | D57: Green Fresh | E57: Tambaram | CR57: {=SUMPRODUCT($G$4:$CQ$4,G57:CQ57)} -> 0
A58: 53 | B58: Vimal | C58: megala | D58: Rajan Departmental Store | E58: Tambaram | CR58: {=SUMPRODUCT($G$4:$CQ$4,G58:CQ58)} -> 0
A59: 54 | B59: Vimal | C59: megala | D59: Ram Dev | E59: Gunduvanchery | F59: 1 | P59: 1 | Q59: 1 | R59: 1 | AH59: 3 | CI59: 2 | CJ59: 2 | CR59: {=SUMPRODUCT($G$4:$CQ$4,G59:CQ59)} -> 3051
A60: 55 | B60: Vimal | C60: Devi | D60: Sun Super market | E60: Madurangam | F60: 1 | AD60: 1 | AJ60: 1 | AL60: 1 | AO60: 2 | AS60: 3 | CR60: {=SUMPRODUCT($G$4:$CQ$4,G60:CQ60)} -> 2655
A61: 56 | B61: Vimal | C61: Devi | D61: Sri murugan | E61: Madurangam | CR61: {=SUMPRODUCT($G$4:$CQ$4,G61:CQ61)} -> 0
A62: 57 | B62: Vimal | D62: Giri | E62: Chinthamani | CR62: {=SUMPRODUCT($G$4:$CQ$4,G62:CQ62)} -> 0
A63: 58 | B63: Vimal | D63: Giri | E63: Annanagar | CR63: {=SUMPRODUCT($G$4:$CQ$4,G63:CQ63)} -> 0
A64: 59 | B64: Vimal | C64: Sai Lakshmi | D64: vairam Store | E64: Tnagar | CR64: {=SUMPRODUCT($G$4:$CQ$4,G64:CQ64)} -> 0
A65: 60 | B65: Vimal | C65: Revathi E | D65: vv mart | E65: Nanganallur | CR65: {=SUMPRODUCT($G$4:$CQ$4,G65:CQ65)} -> 0
A66: 61 | B66: Vimal | D66: vv mart | E66: sembakkam | CR66: {=SUMPRODUCT($G$4:$CQ$4,G66:CQ66)} -> 0
A67: 62 | B67: Vimal | D67: Blessing | E67: Tambaram | CR67: {=SUMPRODUCT($G$4:$CQ$4,G67:CQ67)} -> 0
A68: 63 | B68: yashmeen banu | C68: Saranya | D68: A.one | E68: Sivagangai | F68: 1 | BI68: 1 | BR68: 1 | BS68: 1 | CI68: 2 | CR68: {=SUMPRODUCT($G$4:$CQ$4,G68:CQ68)} -> 1065
A69: 64 | B69: yashmeen banu | C69: Kavitha | D69: Orange super market | E69: Paramakudi | F69: 1 | AD69: 1 | AJ69: 1 | BF69: 1 | BK69: 1 | BL69: 1 | BN69: 1 | CR69: {=SUMPRODUCT($G$4:$CQ$4,G69:CQ69)} -> 1047
A70: 65 | B70: yashmeen banu | C70: parsath | D70: Vanavil | E70: Devakottai | CR70: {=SUMPRODUCT($G$4:$CQ$4,G70:CQ70)} -> 0
A71: 66 | B71: yashmeen banu | C71: pandiselvi | D71: natraj super market | E71: thirumangalam | F71: 1 | I71: 1 | M71: 1 | S71: 1 | U71: 1 | V71: 2 | AA71: 2 | AE71: 1 | AG71: 1 | AW71: 1 | AX71: 1 | CR71: {=SUMPRODUCT($G$4:$CQ$4,G71:CQ71)} -> 3069
A72: 67 | B72: yashmeen banu | C72: divya | D72: alfaritha | E72: ramnad | F72: 1 | J72: 1 | M72: 2 | N72: 2 | S72: 1 | AB72: 1 | AD72: 2 | AS72: 1 | AW72: 1 | AX72: 2 | BO72: 3 | BP72: 3 | CR72: {=SUMPRODUCT($G$4:$CQ$4,G72:CQ72)} -> 3804
A73: 68 | B73: yashmeen banu | C73: Lakshmi | D73: Anantham super market | E73: theni | CR73: {=SUMPRODUCT($G$4:$CQ$4,G73:CQ73)} -> 0
A74: 69 | B74: yashmeen banu | C74: Anjukam | D74: Elaki shoppin mall | E74: Ramnad | F74: 1 | M74: 1 | U74: 1 | W74: 1 | AB74: 2 | AQ74: 2 | AS74: 1 | AX74: 1 | CQ74: 1 | CR74: {=SUMPRODUCT($G$4:$CQ$4,G74:CQ74)} -> 2202
A75: 70 | B75: yashmeen banu | C75: Muthumari | D75: ESHA | E75: Virudhunagar | F75: 1 | AZ75: 1 | BM75: 1 | BN75: 2 | CR75: {=SUMPRODUCT($G$4:$CQ$4,G75:CQ75)} -> 528
A76: 71 | B76: yashmeen banu | C76: Muthumari | D76: paramiltry canteen | E76: viruthunagar | CR76: {=SUMPRODUCT($G$4:$CQ$4,G76:CQ76)} -> 0
A77: 72 | B77: yashmeen banu | C77: Ellammal | D77: Thirumalai Super MArket | E77: Thirumangalam | CR77: {=SUMPRODUCT($G$4:$CQ$4,G77:CQ77)} -> 0
A78: 73 | B78: yashmeen banu | C78: Ellammal | D78: Thirumalai department | E78: thirumangalam | F78: 1 | P78: 1 | AA78: 1 | AQ78: 1 | AV78: 1 | BW78: 1 | CR78: {=SUMPRODUCT($G$4:$CQ$4,G78:CQ78)} -> 1297
A79: 74 | B79: yashmeen banu | C79: Arthi | D79: Almass super market | E79: Devakottai | F79: 1 | M79: 2 | AD79: 1 | CR79: {=SUMPRODUCT($G$4:$CQ$4,G79:CQ79)} -> 549
A80: 75 | B80: yashmeen banu | C80: Nandhini | D80: Udhayam | E80: Thirupattur | CR80: {=SUMPRODUCT($G$4:$CQ$4,G80:CQ80)} -> 0
A81: 76 | B81: yashmeen banu | C81: Pakkiya | D81: Karuvapillai SM | E81: thirumangalam | F81: 1 | CR81: {=SUMPRODUCT($G$4:$CQ$4,G81:CQ81)} -> 0
A82: 77 | B82: yashmeen banu | C82: Elakkiya | D82: Koyambedu SM | E82: Ramnad | CR82: {=SUMPRODUCT($G$4:$CQ$4,G82:CQ82)} -> 0
A83: 78 | B83: yashmeen banu | C83: Uma Devi | D83: Rathinam SM | E83: Usilampatti | F83: 1 | M83: 1 | P83: 1 | R83: 1 | AF83: 1 | CR83: {=SUMPRODUCT($G$4:$CQ$4,G83:CQ83)} -> 1370
A84: 78 | B84: yashmeen banu | C84: Sankareshwari S | D84: Gupta Cosmetics | E84: Kilakkuvasal | F84: 1 | N84: 2 | S84: 1 | Y84: 1 | AR84: 1 | CR84: {=SUMPRODUCT($G$4:$CQ$4,G84:CQ84)} -> 984
A85: 79 | B85: vennila | C85: kousalya | D85: bsf canteen | E85: katpadi | F85: 1 | N85: 1 | R85: 1 | V85: 1 | W85: 1 | AC85: 1 | AD85: 1 | AK85: 1 | AM85: 1 | AQ85: 1 | AW85: 2 | AX85: 1 | CR85: {=SUMPRODUCT($G$4:$CQ$4,G85:CQ85)} -> 3037
A86: 80 | B86: vennila | C86: sharmila | D86: paneer super market 3 | E86: Tiruvannamalai | CR86: {=SUMPRODUCT($G$4:$CQ$4,G86:CQ86)} -> 0
A87: 81 | B87: vennila | C87: santhiya | D87: new poombuhar | E87: vengikal | F87: 1 | P87: 1 | R87: 1 | AQ87: 1 | AR87: 1 | CR87: {=SUMPRODUCT($G$4:$CQ$4,G87:CQ87)} -> 1442
A88: 82 | B88: vennila | C88: Anbarasi | D88: sri ranga | E88: gingee | F88: 1 | R88: 1 | BB88: 1 | CA88: 1 | CR88: {=SUMPRODUCT($G$4:$CQ$4,G88:CQ88)} -> 799
A89: 83 | B89: vennila | C89: vidya | D89: vadamalai | E89: tirupattur | F89: 1 | M89: 1 | P89: 1 | V89: 2 | AC89: 2 | AK89: 1 | AQ89: 2 | AR89: 1 | CR89: {=SUMPRODUCT($G$4:$CQ$4,G89:CQ89)} -> 2410
A90: 84 | B90: vennila | C90: Bhuvaneswari | D90: PANEER 2 | E90: Tiruvannamalai | CR90: {=SUMPRODUCT($G$4:$CQ$4,G90:CQ90)} -> 0
A91: 85 | B91: vennila | C91: Tamilarasi | D91: vasavi | E91: vandavasi | F91: 1 | J91: 1 | O91: 2 | Y91: 1 | CR91: {=SUMPRODUCT($G$4:$CQ$4,G91:CQ91)} -> 1388
A92: 86 | B92: vennila | C92: Punitha D | D92: sri balaji | E92: gingee | F92: 1 | J92: 1 | AK92: 1 | AQ92: 2 | BW92: 2 | CR92: {=SUMPRODUCT($G$4:$CQ$4,G92:CQ92)} -> 1065
A93: 86 | B93: vennila | C93: Anitha | D93: Pothys | E93: Pondicherry | CR93: {=SUMPRODUCT($G$4:$CQ$4,G93:CQ93)} -> 0
A94: 87 | B94: Anmary | C94: Mathavi | D94: Janapriya | E94: pudukottai | F94: 1 | J94: 1 | M94: 2 | N94: 1 | R94: 1 | AC94: 2 | AJ94: 1 | AX94: 2 | CR94: {=SUMPRODUCT($G$4:$CQ$4,G94:CQ94)} -> 2401
A95: 88 | B95: Anmary | C95: Ramya | D95: National shopping | E95: Kumbankonam | CR95: {=SUMPRODUCT($G$4:$CQ$4,G95:CQ95)} -> 0
A96: 89 | B96: Anmary | D96: National SM | E96: Ponnamaravathi | CR96: {=SUMPRODUCT($G$4:$CQ$4,G96:CQ96)} -> 0
A97: 90 | B97: Anmary | D97: Kurinji Max | E97: Kumbankonam | CR97: {=SUMPRODUCT($G$4:$CQ$4,G97:CQ97)} -> 0
A98: 91 | B98: Anmary | C98: Rajmeena | D98: Balaji super store | E98: usilampatti | F98: 1 | R98: 1 | S98: 1 | V98: 1 | AB98: 1 | AG98: 1 | AJ98: 1 | AX98: 2 | CR98: {=SUMPRODUCT($G$4:$CQ$4,G98:CQ98)} -> 2353
A99: 91 | B99: Anmary | C99: Jancy | D99: Keerthi Super Market | E99: Vedasandhur | F99: 1 | O99: 1 | Q99: 1 | X99: 1 | Z99: 1 | AA99: 1 | AB99: 1 | AJ99: 1 | AS99: 1 | CR99: {=SUMPRODUCT($G$4:$CQ$4,G99:CQ99)} -> 2612
A100: 91 | B100: Anmary | D100: SVR Super Market | E100: Dindigul | F100: 1 | N100: 2 | P100: 1 | AC100: 1 | AF100: 1 | CR100: {=SUMPRODUCT($G$4:$CQ$4,G100:CQ100)} -> 1180
...

Sheet 28
A1: BA DAILY SALES DETAILS
G2: NEW PRODUCTS | AY2: OLD PRODUCTS | CR2: VALUE IN MRP
A3: S.NO | B3: SUPERVISORS | C3: BA NAME | D3: OUTLET NAME | E3: TOWN | F3: Present | G3: FACE CARE | V3: BODY CARE | AH3: HAIR CARE | AT3: PERSONAL CARE | AY3: FACE CARE | BN3: BODY CARE | BZ3: HAIR CARE | CL3: PERSONAL CARE
G4: 330 | H4: 195 | I4: 330 | J4: 195 | K4: 195 | L4: 294 | M4: 177 | N4: 123 | O4: 499 | P4: 499 | Q4: 499 | R4: 499 | S4: 249 | T4: 299 | U4: 150 | V4: 195 | W4: 195 | X4: 195 | Y4: 195 | Z4: 195 | AA4: 294 | AB4: 240 | AC4: 240 | AD4: 195 | AE4: 195 | AF4: 195 | AG4: 420 | AH4: 222 | AI4: 195 | AJ4: 270 | AK4: 270 | AL4: 270 | AM4: 270 | AN4: 330 | AO4: 330 | AP4: 330 | AQ4: 150 | AR4: 294 | AS4: 420 | AT4: 195 | AU4: 294 | AV4: 204 | AW4: 330 | AX4: 240 | AY4: 222 | AZ4: 150 | BA4: 222 | BB4: 150 | BC4: 150 | BD4: 195 | BE4: 150 | BF4: 78 | BG4: 420 | BH4: 420 | BI4: 375 | BJ4: 420 | BK4: 177 | BL4: 177 | BM4: 78 | BN4: 150 | BO4: 150 | BP4: 150 | BQ4: 150 | BR4: 150 | BS4: 240 | BT4: 195 | BU4: 195 | BV4: 150 | BW4: 150 | BX4: 150 | BY4: 294 | BZ4: 150 | CA4: 150 | CB4: 249 | CC4: 249 | CD4: 249 | CE4: 249 | CF4: 330 | CG4: 330 | CH4: 330 | CI4: 150 | CJ4: 294 | CK4: 294 | CL4: 300 | CM4: 195 | CN4: 294 | CO4: 204 | CP4: 330 | CQ4: 240
G5: Gold Facial | H5: Face Wash | I5: Hibiscus Powder | J5: Nalangu Powder | K5: Orange Peel | L5: Rose petals | M5: Kasthuri Manjal | N5: Multani Mitti | O5: Vitamin C Serum | P5: Saffron Serum | Q5: Vitamin C Cream | R5: Saffron Cream | S5: Aleovera Gel (W) | T5: Aleovera Gel (G) | U5: Rose Mist | V5: Pungam Oil Soap | W5: Mahua Oil Soap | X5: Coconut Oil Soap | Y5: Six Oil Soap | Z5: Papaya Soap | AA5: Milk Saffron Soap | AB5: Manjistha Soap | AC5: Vitamin C Soap | AD5: Goat Milk Soap | AE5: Charcoal Soap | AF5: Herbal Soap | AG5: Gold Soap | AH5: Henna Powder | AI5: Hair Wash Powder | AJ5: Rosemary Shampoo | AK5: Onion Shampoo | AL5: Bhringraj Shampoo | AM5: Flaxseed Shampoo | AN5: Flaxseed Conditioner | AO5: Rosemery Conditioner | AP5: Bhringraj Conditioner | AQ5: Hair Color (10g) | AR5: Hair Color (20g) | AS5: Hibiscus Hair Oil | AT5: Napkin L6 | AU5: Napkin L12 | AV5: Napkin XL6 | AW5: Napkin XL12 | AX5: Napkin XXL6 | AY5: Gold Facial | AZ5: Face Wash | BA5: Hibiscus Powder | BB5: Nalangu Powder | BC5: Orange Peel | BD5: Rose petals | BE5: Kasthuri Manjal | BF5: Multani Mitti | BG5: Vitamin C Serum | BH5: Saffron Serum | BI5: Vitamin C Cream | BJ5: Saffron Cream | BK5: Aleovera Gel (W) | BL5: Aleovera Gel (G) | BM5: Rose Mist | BN5: Pungam Oil Soap | BO5: Mahua Oil Soap | BP5: Coconut Oil Soap | BQ5: Six Oil Soap | BR5: Papaya Soap | BS5: Milk Saffron Soap | BT5: Manjistha Soap | BU5: Vitamin C Soap | BV5: Goat Milk Soap | BW5: Charcoal Soap | BX5: Herbal Soap | BY5: Gold Soap | BZ5: Henna Powder | CA5: Hair Wash Powder | CB5: Rosemary Shampoo | CC5: Onion Shampoo | CD5: Bhringraj Shampoo | CE5: Flaxseed Shampoo | CF5: Flaxseed Conditioner | CG5: Rosemery Conditioner | CH5: Bhringraj Conditioner | CI5: Hair Color (10g) | CJ5: Hair Color (20g) | CK5: Hibiscus Hair Oil | CL5: Secure 320 mm | CM5: Napkin L6 | CN5: Napkin L12 | CO5: Napkin XL6 | CP5: Napkin XL12 | CQ5: Napkin XXL6
A6: 1 | B6: Muthumari | C6: Veilaiyeeammal | D6: Refresh | E6: Sankarankovil | F6: 1 | H6: 2 | M6: 1 | V6: 1 | AA6: 1 | AB6: 1 | AD6: 2 | AJ6: 1 | AQ6: 2 | AU6: 1 | AW6: 1 | AX6: 1 | CR6: {=SUMPRODUCT($G$4:$CQ$4,G6:CQ6)} -> 3120
A7: 2 | B7: Muthumari | C7: Mageswari D | D7: Joncy super mart | E7: Sivakasi | F7: 1 | J7: 3 | M7: 1 | N7: 1 | O7: 1 | AI7: 1 | AL7: 1 | AQ7: 1 | AS7: 1 | BC7: 1 | BW7: 1 | CR7: {=SUMPRODUCT($G$4:$CQ$4,G7:CQ7)} -> 2719
A8: 3 | B8: Muthumari | C8: Maheswari P | D8: Ndr super market | E8: Rajapalayam | F8: 1 | V8: 3 | AB8: 1 | AE8: 1 | AK8: 1 | AL8: 2 | AU8: 1 | AY8: 1 | AZ8: 2 | BO8: 1 | BY8: 2 | CE8: 1 | CR8: {=SUMPRODUCT($G$4:$CQ$4,G8:CQ8)} -> 3633
A9: 4 | B9: Muthumari | C9: lakshmi prabha | D9: Joncy mart | E9: Sivakasi | F9: 1 | J9: 2 | K9: 1 | M9: 1 | Q9: 1 | AD9: 1 | AG9: 1 | AQ9: 3 | AR9: 2 | AV9: 1 | AW9: 1 | AX9: 1 | CR9: {=SUMPRODUCT($G$4:$CQ$4,G9:CQ9)} -> 3688
A10: 5 | B10: Muthumari | C10: Muthumari M | D10: Mario super market | E10: Rajapalayam | F10: 1 | R10: 1 | S10: 1 | T10: 1 | V10: 2 | Z10: 1 | AD10: 1 | BC10: 1 | BO10: 1 | CE10: 1 | CI10: 7 | CQ10: 1 | CR10: {=SUMPRODUCT($G$4:$CQ$4,G10:CQ10)} -> 3666
A11: 6 | B11: Muthumari | C11: Latha | D11: New balaji | E11: Sivakasi | F11: 1 | J11: 1 | R11: 1 | AD11: 1 | AG11: 1 | AJ11: 1 | AR11: 1 | AW11: 1 | AX11: 1 | AZ11: 1 | BP11: 1 | CR11: {=SUMPRODUCT($G$4:$CQ$4,G11:CQ11)} -> 2743
A12: 7 | B12: Muthumari | C12: Kaliswari S | D12: Tamilnadu super market | E12: Rajapalayam | F12: 1 | M12: 1 | V12: 2 | AD12: 1 | AL12: 1 | AN12: 1 | AQ12: 1 | AR12: 1 | BC12: 1 | CE12: 1 | CR12: {=SUMPRODUCT($G$4:$CQ$4,G12:CQ12)} -> 2205
A13: 8 | B13: Muthumari | C13: bahavathi | D13: Jass Super market | E13: Srivilliputhur | F13: 1 | M13: 1 | R13: 1 | AK13: 1 | AQ13: 1 | AT13: 1 | AV13: 2 | AX13: 2 | BY13: 2 | CR13: {=SUMPRODUCT($G$4:$CQ$4,G13:CQ13)} -> 2767
A14: 9 | B14: Muthumari | C14: Kala | D14: AkM Super Market | E14: Puliankudi | F14: 1 | H14: 2 | W14: 1 | AC14: 1 | AD14: 1 | AK14: 1 | AW14: 2 | BO14: 1 | CR14: {=SUMPRODUCT($G$4:$CQ$4,G14:CQ14)} -> 2100
A15: 10 | B15: Muthumari | C15: Jeyalakshmi | D15: B Cart | E15: Sivakasi | F15: 1 | S15: 1 | AB15: 1 | AD15: 1 | AJ15: 2 | CR15: {=SUMPRODUCT($G$4:$CQ$4,G15:CQ15)} -> 1224
A16: 11 | B16: Muthumari | C16: Selvi | D16: Ambika | E16: Senkottai | CR16: {=SUMPRODUCT($G$4:$CQ$4,G16:CQ16)} -> 0
A17: 12 | B17: Muthumari | C17: Sathya | D17: Velayuthannadar | E17: Surandai | F17: 1 | M17: 2 | X17: 1 | AA17: 1 | AD17: 1 | AV17: 1 | AX17: 2 | CM17: 2 | CR17: {=SUMPRODUCT($G$4:$CQ$4,G17:CQ17)} -> 2112
A18: 13 | B18: Esakkiammal | C18: karthigai | D18: Kumar | E18: kovil | F18: 1 | N18: 1 | AV18: 1 | BB18: 1 | BL18: 1 | BW18: 1 | CI18: 2 | CR18: {=SUMPRODUCT($G$4:$CQ$4,G18:CQ18)} -> 1104
A19: 14 | B19: Esakkiammal | C19: valliammal | D19: Balaji super market | E19: Sattur | F19: 1 | Q19: 1 | T19: 1 | AB19: 1 | AD19: 1 | AU19: 1 | AW19: 1 | BN19: 1 | BW19: 1 | CA19: 1 | CF19: 1 | CR19: {=SUMPRODUCT($G$4:$CQ$4,G19:CQ19)} -> 2637
A20: 15 | B20: Esakkiammal | C20: Revathi | D20: Aryaas super market | E20: Tirunelveli | F20: 1 | O20: 1 | AB20: 1 | AF20: 1 | AQ20: 6 | CR20: {=SUMPRODUCT($G$4:$CQ$4,G20:CQ20)} -> 1834
A21: 16 | B21: Esakkiammal | C21: esakkiammal | D21: Ganesh | E21: Tirunelveli | F21: 1 | J21: 2 | M21: 1 | V21: 1 | AH21: 1 | AR21: 3 | AV21: 1 | CR21: {=SUMPRODUCT($G$4:$CQ$4,G21:CQ21)} -> 2070
A22: 17 | B22: Esakkiammal | C22: VASANTHA S | D22: V.S.R | E22: Thisayanvilai | F22: 1 | G22: 1 | H22: 1 | M22: 2 | O22: 1 | R22: 1 | AB22: 1 | AD22: 1 | AK22: 3 | AT22: 1 | AX22: 1 | CI22: 2 | CJ22: 1 | CR22: {=SUMPRODUCT($G$4:$CQ$4,G22:CQ22)} -> 4151
A23: 18 | B23: Esakkiammal | C23: Mahalakshmi | D23: Pothys | E23: Tirunelveli | F23: 1 | M23: 6 | N23: 1 | S23: 3 | T23: 1 | U23: 1 | X23: 1 | Y23: 5 | Z23: 1 | AC23: 2 | AD23: 2 | AF23: 1 | AG23: 1 | AH23: 1 | AI23: 1 | AJ23: 2 | AL23: 1 | AO23: 1 | AP23: 1 | AQ23: 5 | AR23: 2 | AS23: 4 | CR23: {=SUMPRODUCT($G$4:$CQ$4,G23:CQ23)} -> 10136
A24: 19 | B24: Esakkiammal | D24: Nachiyar | E24: Tirunelveli | CR24: {=SUMPRODUCT($G$4:$CQ$4,G24:CQ24)} -> 0
A25: 20 | B25: Esakkiammal | C25: Nagalakshmi | D25: BSF CANTEEN | E25: Tirunelveli | CR25: {=SUMPRODUCT($G$4:$CQ$4,G25:CQ25)} -> 0
A26: 21 | B26: Esakkiammal | D26: Samuel super market | E26: Eral | CR26: {=SUMPRODUCT($G$4:$CQ$4,G26:CQ26)} -> 0
A27: 22 | B27: Esakkiammal | C27: Rooth mari | D27: Abu hanifa store | E27: Tirunelveli | F27: 1 | J27: 1 | M27: 1 | Q27: 1 | U27: 2 | AC27: 1 | AF27: 1 | AJ27: 1 | AU27: 1 | CR27: {=SUMPRODUCT($G$4:$CQ$4,G27:CQ27)} -> 2170
A28: 23 | B28: Esakkiammal | C28: Shop | D28: Ayya supermarket | E28: chettikulam | F28: 1 | AH28: 1 | AW28: 1 | CR28: {=SUMPRODUCT($G$4:$CQ$4,G28:CQ28)} -> 552
A29: 24 | B29: Esakkiammal | C29: Kumaradevi | D29: Five star Supermarket | E29: kallidaikurichi | F29: 1 | AZ29: 1 | CR29: {=SUMPRODUCT($G$4:$CQ$4,G29:CQ29)} -> 150
A30: 25 | B30: Esakkiammal | C30: Remove Shop | D30: Jaya super market | E30: panankudi | CR30: {=SUMPRODUCT($G$4:$CQ$4,G30:CQ30)} -> 0
A31: 26 | B31: Esakkiammal | D31: Anita Super Market | E31: Tirunelveli | CR31: {=SUMPRODUCT($G$4:$CQ$4,G31:CQ31)} -> 0
A32: 27 | B32: Esakkiammal | D32: Sathiya Super Market | E32: Kovilpatti | CR32: {=SUMPRODUCT($G$4:$CQ$4,G32:CQ32)} -> 0
A33: 28 | B33: Viji | C33: Ajitha | D33: Pothys | E33: Nagerkovil | F33: 1 | G33: 1 | J33: 1 | M33: 2 | N33: 1 | AC33: 1 | AQ33: 3 | AX33: 2 | CR33: {=SUMPRODUCT($G$4:$CQ$4,G33:CQ33)} -> 2172
A34: 29 | B34: Viji | C34: Bindhu | D34: Ganesh | E34: Nagerkovil | F34: 1 | H34: 1 | I34: 1 | J34: 1 | AB34: 1 | AI34: 1 | AK34: 1 | AS34: 1 | AW34: 1 | BE34: 1 | BF34: 1 | BM34: 1 | CR34: {=SUMPRODUCT($G$4:$CQ$4,G34:CQ34)} -> 2481
A35: 30 | B35: Viji | C35: Mahalakshmi | D35: Anantha | E35: Pammam | F35: 1 | S35: 1 | AC35: 1 | BL35: 1 | BO35: 2 | BW35: 4 | BY35: 1 | CF35: 1 | CI35: 3 | CJ35: 2 | CR35: {=SUMPRODUCT($G$4:$CQ$4,G35:CQ35)} -> 3228
A36: 31 | B36: Viji | C36: Dhanyarani | D36: Varaity | E36: Kaliyakkavilai | F36: 1 | N36: 1 | V36: 1 | AK36: 1 | AL36: 1 | AQ36: 1 | AT36: 3 | AV36: 1 | AX36: 1 | CR36: {=SUMPRODUCT($G$4:$CQ$4,G36:CQ36)} -> 2037
A37: 32 | B37: Viji | C37: Girija | D37: Louis | E37: Karunkal | F37: 1 | G37: 1 | H37: 2 | J37: 1 | M37: 1 | R37: 1 | W37: 1 | AD37: 1 | AE37: 1 | AQ37: 2 | AS37: 1 | AW37: 1 | CR37: {=SUMPRODUCT($G$4:$CQ$4,G37:CQ37)} -> 3226
A38: 33 | B38: Viji | C38: Girija | D38: Harris | E38: karungal | CR38: {=SUMPRODUCT($G$4:$CQ$4,G38:CQ38)} -> 0
A39: 34 | B39: Viji | D39: Ramasamy | E39: colochal | CR39: {=SUMPRODUCT($G$4:$CQ$4,G39:CQ39)} -> 0
A40: 35 | B40: Viji | C40: Vinoja | D40: One Shop | E40: Marthandam | F40: 1 | M40: 1 | AE40: 1 | AF40: 1 | AM40: 1 | AO40: 1 | CR40: {=SUMPRODUCT($G$4:$CQ$4,G40:CQ40)} -> 1167
A41: 36 | B41: Viji | C41: vanitha | D41: Akn | E41: Marthandam | CR41: {=SUMPRODUCT($G$4:$CQ$4,G41:CQ41)} -> 0
A42: 37 | B42: Viji | D42: Robins Hypermarket | E42: Singanallur | CR42: {=SUMPRODUCT($G$4:$CQ$4,G42:CQ42)} -> 0
A43: 38 | B43: Viji | C43: Lakshmi Priya | D43: MS Shopping | E43: Townhall | F43: 1 | V43: 1 | AZ43: 1 | BM43: 1 | BN43: 1 | CR43: {=SUMPRODUCT($G$4:$CQ$4,G43:CQ43)} -> 573
A44: 39 | B44: Viji | C44: Gunasundari Saravanan | D44: Thulir | E44: Mettupalayam | F44: 1 | O44: 1 | W44: 1 | AC44: 3 | AQ44: 1 | CR44: {=SUMPRODUCT($G$4:$CQ$4,G44:CQ44)} -> 1564
A45: 40 | B45: Viji | D45: Arthi | E45: Mettupalayam | CR45: {=SUMPRODUCT($G$4:$CQ$4,G45:CQ45)} -> 0
A46: 41 | B46: Viji | C46: Premavathi | D46: Arthi | E46: Vadavalli | F46: 1 | O46: 1 | BJ46: 1 | CR46: {=SUMPRODUCT($G$4:$CQ$4,G46:CQ46)} -> 919
A47: 42 | B47: Viji | C47: riganaparveen | D47: day2day | E47: kovaipudur | CR47: {=SUMPRODUCT($G$4:$CQ$4,G47:CQ47)} -> 0
A48: 43 | B48: Viji | C48: Sugusk | D48: Rengas | E48: Coimbatore | F48: 1 | W48: 1 | AK48: 1 | AS48: 1 | CR48: {=SUMPRODUCT($G$4:$CQ$4,G48:CQ48)} -> 885
A49: 44 | B49: Viji | C49: Kartheeshwari | D49: SGS Super Market | E49: Coimbatore | F49: 1 | H49: 1 | N49: 2 | R49: 2 | AA49: 2 | AB49: 2 | AJ49: 2 | AK49: 1 | AO49: 1 | AQ49: 2 | AR49: 1 | AV49: 1 | BB49: 1 | BF49: 1 | CR49: {=SUMPRODUCT($G$4:$CQ$4,G49:CQ49)} -> 4673
A50: 45 | B50: Vimal | C50: Ammu | D50: Ready basket | E50: Chennai | F50: 1 | R50: 1 | S50: 2 | T50: 1 | AK50: 2 | AL50: 1 | AP50: 1 | AS50: 1 | BB50: 2 | BS50: 1 | BU50: 1 | CI50: 2 | CR50: {=SUMPRODUCT($G$4:$CQ$4,G50:CQ50)} -> 3891
A51: 46 | B51: Vimal | C51: Karthika | D51: pandian fancy | E51: Chennai | CR51: {=SUMPRODUCT($G$4:$CQ$4,G51:CQ51)} -> 0
A52: 47 | B52: Vimal | C52: B.Sumithra | D52: New Pandian | E52: T.nagar | F52: 1 | J52: 1 | L52: 1 | N52: 1 | O52: 2 | P52: 1 | Q52: 1 | S52: 1 | U52: 3 | AQ52: 3 | AR52: 1 | CR52: {=SUMPRODUCT($G$4:$CQ$4,G52:CQ52)} -> 4051
A53: 48 | B53: Vimal | D53: GIRI | E53: Thabaram | CR53: {=SUMPRODUCT($G$4:$CQ$4,G53:CQ53)} -> 0
A54: 49 | B54: Vimal | D54: Giri | E54: Tnagar | CR54: {=SUMPRODUCT($G$4:$CQ$4,G54:CQ54)} -> 0
A55: 50 | B55: Vimal | D55: Giri | E55: Pallikaranai | CR55: {=SUMPRODUCT($G$4:$CQ$4,G55:CQ55)} -> 0
A56: 51 | B56: Vimal | D56: GIRI | E56: Nanganallur | CR56: {=SUMPRODUCT($G$4:$CQ$4,G56:CQ56)} -> 0
A57: 52 | B57: Vimal | C57: megala | D57: Green Fresh | E57: Tambaram | CR57: {=SUMPRODUCT($G$4:$CQ$4,G57:CQ57)} -> 0
A58: 53 | B58: Vimal | C58: megala | D58: Rajan Departmental Store | E58: Tambaram | F58: 1 | P58: 1 | Q58: 3 | R58: 1 | AB58: 2 | AE58: 2 | AQ58: 2 | AR58: 1 | AS58: 1 | CR58: {=SUMPRODUCT($G$4:$CQ$4,G58:CQ58)} -> 4379
A59: 54 | B59: Vimal | C59: megala | D59: Ram Dev | E59: Gunduvanchery | CR59: {=SUMPRODUCT($G$4:$CQ$4,G59:CQ59)} -> 0
A60: 55 | B60: Vimal | C60: Devi | D60: Sun Super market | E60: Madurangam | F60: 1 | V60: 1 | AA60: 4 | AD60: 1 | AJ60: 2 | AL60: 1 | AW60: 2 | CR60: {=SUMPRODUCT($G$4:$CQ$4,G60:CQ60)} -> 3036
A61: 56 | B61: Vimal | C61: Devi | D61: Sri murugan | E61: Madurangam | CR61: {=SUMPRODUCT($G$4:$CQ$4,G61:CQ61)} -> 0
A62: 57 | B62: Vimal | D62: Giri | E62: Chinthamani | CR62: {=SUMPRODUCT($G$4:$CQ$4,G62:CQ62)} -> 0
A63: 58 | B63: Vimal | D63: Giri | E63: Annanagar | CR63: {=SUMPRODUCT($G$4:$CQ$4,G63:CQ63)} -> 0
A64: 59 | B64: Vimal | C64: Sai Lakshmi | D64: vairam Store | E64: Tnagar | CR64: {=SUMPRODUCT($G$4:$CQ$4,G64:CQ64)} -> 0
A65: 60 | B65: Vimal | C65: Revathi E | D65: vv mart | E65: Nanganallur | CR65: {=SUMPRODUCT($G$4:$CQ$4,G65:CQ65)} -> 0
A66: 61 | B66: Vimal | D66: vv mart | E66: sembakkam | CR66: {=SUMPRODUCT($G$4:$CQ$4,G66:CQ66)} -> 0
A67: 62 | B67: Vimal | D67: Blessing | E67: Tambaram | CR67: {=SUMPRODUCT($G$4:$CQ$4,G67:CQ67)} -> 0
A68: 63 | B68: yashmeen banu | C68: Saranya | D68: A.one | E68: Sivagangai | F68: 1 | M68: 1 | N68: 1 | S68: 1 | U68: 3 | AD68: 3 | BA68: 1 | BC68: 1 | BW68: 1 | CE68: 1 | CR68: {=SUMPRODUCT($G$4:$CQ$4,G68:CQ68)} -> 2355
A69: 64 | B69: yashmeen banu | C69: Kavitha | D69: Orange super market | E69: Paramakudi | F69: 1 | AD69: 1 | BB69: 1 | BO69: 1 | CA69: 1 | CB69: 1 | CD69: 1 | CR69: {=SUMPRODUCT($G$4:$CQ$4,G69:CQ69)} -> 1143
A70: 65 | B70: yashmeen banu | C70: parsath | D70: Vanavil | E70: Devakottai | CR70: {=SUMPRODUCT($G$4:$CQ$4,G70:CQ70)} -> 0
A71: 66 | B71: yashmeen banu | C71: pandiselvi | D71: natraj super market | E71: thirumangalam | F71: 1 | J71: 1 | U71: 1 | V71: 1 | AB71: 1 | AD71: 1 | AG71: 1 | AI71: 1 | AM71: 1 | AN71: 1 | AQ71: 1 | AW71: 1 | BC71: 1 | CR71: {=SUMPRODUCT($G$4:$CQ$4,G71:CQ71)} -> 2820
A72: 67 | B72: yashmeen banu | C72: divya | D72: alfaritha | E72: ramnad | F72: 1 | M72: 2 | N72: 2 | R72: 1 | AD72: 3 | AQ72: 2 | AV72: 1 | AX72: 3 | BC72: 3 | BO72: 4 | BT72: 4 | CR72: {=SUMPRODUCT($G$4:$CQ$4,G72:CQ72)} -> 4738
A73: 68 | B73: yashmeen banu | C73: Lakshmi | D73: Anantham super market | E73: theni | CR73: {=SUMPRODUCT($G$4:$CQ$4,G73:CQ73)} -> 0
A74: 69 | B74: yashmeen banu | C74: Anjukam | D74: Elaki shoppin mall | E74: Ramnad | F74: 1 | M74: 1 | U74: 2 | AB74: 1 | AC74: 2 | AE74: 1 | AK74: 2 | AR74: 3 | AS74: 2 | CR74: {=SUMPRODUCT($G$4:$CQ$4,G74:CQ74)} -> 3654
A75: 70 | B75: yashmeen banu | C75: Muthumari | D75: ESHA | E75: Virudhunagar | F75: 1 | BM75: 3 | BQ75: 2 | CE75: 2 | CJ75: 1 | CR75: {=SUMPRODUCT($G$4:$CQ$4,G75:CQ75)} -> 1326
A76: 71 | B76: yashmeen banu | C76: Muthumari | D76: paramiltry canteen | E76: viruthunagar | CR76: {=SUMPRODUCT($G$4:$CQ$4,G76:CQ76)} -> 0
A77: 72 | B77: yashmeen banu | C77: Ellammal | D77: Thirumalai Super MArket | E77: Thirumangalam | F77: 1 | I77: 1 | AJ77: 1 | AQ77: 1 | BI77: 1 | CR77: {=SUMPRODUCT($G$4:$CQ$4,G77:CQ77)} -> 1125
A78: 73 | B78: yashmeen banu | C78: Ellammal | D78: Thirumalai department | E78: thirumangalam | CR78: {=SUMPRODUCT($G$4:$CQ$4,G78:CQ78)} -> 0
A79: 74 | B79: yashmeen banu | C79: Arthi | D79: Almass super market | E79: Devakottai | F79: 1 | AA79: 1 | AB79: 1 | AD79: 1 | BA79: 1 | BF79: 1 | BL79: 1 | BU79: 1 | CN79: 1 | CR79: {=SUMPRODUCT($G$4:$CQ$4,G79:CQ79)} -> 1695
A80: 75 | B80: yashmeen banu | C80: Nandhini | D80: Udhayam | E80: Thirupattur | F80: 1 | H80: 1 | J80: 1 | M80: 2 | O80: 1 | Q80: 1 | S80: 1 | U80: 1 | Y80: 2 | AE80: 2 | AQ80: 1 | AS80: 1 | CR80: {=SUMPRODUCT($G$4:$CQ$4,G80:CQ80)} -> 3491
A81: 76 | B81: yashmeen banu | C81: Pakkiya | D81: Karuvapillai SM | E81: thirumangalam | F81: 1 | AE81: 2 | AJ81: 1 | AL81: 1 | CR81: {=SUMPRODUCT($G$4:$CQ$4,G81:CQ81)} -> 930
A82: 77 | B82: yashmeen banu | C82: Elakkiya | D82: Koyambedu SM | E82: Ramnad | CR82: {=SUMPRODUCT($G$4:$CQ$4,G82:CQ82)} -> 0
A83: 78 | B83: yashmeen banu | C83: Uma Devi | D83: Rathinam SM | E83: Usilampatti | F83: 1 | K83: 1 | P83: 1 | Q83: 1 | R83: 1 | AC83: 1 | AL83: 1 | CR83: {=SUMPRODUCT($G$4:$CQ$4,G83:CQ83)} -> 2202
A84: 78 | B84: yashmeen banu | C84: Sankareshwari S | D84: Gupta Cosmetics | E84: Kilakkuvasal | F84: 1 | G84: 1 | P84: 1 | R84: 2 | U84: 2 | AA84: 1 | AE84: 1 | CR84: {=SUMPRODUCT($G$4:$CQ$4,G84:CQ84)} -> 2616
A85: 79 | B85: vennila | C85: kousalya | D85: bsf canteen | E85: katpadi | F85: 1 | M85: 1 | N85: 1 | Q85: 1 | R85: 1 | S85: 1 | U85: 1 | W85: 5 | AK85: 1 | AM85: 2 | AQ85: 1 | AR85: 1 | AS85: 3 | AW85: 2 | CR85: {=SUMPRODUCT($G$4:$CQ$4,G85:CQ85)} -> 5846
A86: 80 | B86: vennila | C86: sharmila | D86: paneer super market 3 | E86: Tiruvannamalai | F86: 1 | M86: 1 | AQ86: 1 | AZ86: 1 | BN86: 1 | BP86: 1 | BS86: 1 | CA86: 1 | CR86: {=SUMPRODUCT($G$4:$CQ$4,G86:CQ86)} -> 1167
A87: 81 | B87: vennila | C87: santhiya | D87: new poombuhar | E87: vengikal | F87: 1 | O87: 1 | AF87: 1 | AQ87: 1 | BO87: 2 | CN87: 1 | CR87: {=SUMPRODUCT($G$4:$CQ$4,G87:CQ87)} -> 1438
A88: 82 | B88: vennila | C88: Anbarasi | D88: sri ranga | E88: gingee | F88: 1 | AF88: 1 | BG88: 1 | BW88: 1 | CR88: {=SUMPRODUCT($G$4:$CQ$4,G88:CQ88)} -> 765
A89: 83 | B89: vennila | C89: vidya | D89: vadamalai | E89: tirupattur | F89: 1 | M89: 1 | O89: 1 | S89: 2 | AJ89: 1 | AR89: 1 | AS89: 1 | CR89: {=SUMPRODUCT($G$4:$CQ$4,G89:CQ89)} -> 2158
A90: 84 | B90: vennila | C90: Bhuvaneswari | D90: PANEER 2 | E90: Tiruvannamalai | F90: 1 | U90: 1 | V90: 1 | X90: 1 | AT90: 1 | BD90: 1 | BU90: 1 | CR90: {=SUMPRODUCT($G$4:$CQ$4,G90:CQ90)} -> 1125
A91: 85 | B91: vennila | C91: Tamilarasi | D91: vasavi | E91: vandavasi | F91: 1 | AJ91: 1 | AM91: 1 | BQ91: 1 | CR91: {=SUMPRODUCT($G$4:$CQ$4,G91:CQ91)} -> 690
A92: 86 | B92: vennila | C92: Punitha D | D92: sri balaji | E92: gingee | F92: 1 | S92: 1 | U92: 1 | AI92: 1 | AM92: 1 | AP92: 1 | CR92: {=SUMPRODUCT($G$4:$CQ$4,G92:CQ92)} -> 1194
A93: 86 | B93: vennila | C93: Anitha | D93: Pothys | E93: Pondicherry | F93: 1 | H93: 1 | O93: 1 | T93: 1 | V93: 1 | AA93: 1 | AC93: 3 | AJ93: 1 | AM93: 1 | AS93: 4 | CR93: {=SUMPRODUCT($G$4:$CQ$4,G93:CQ93)} -> 4422
A94: 87 | B94: Anmary | C94: Mathavi | D94: Janapriya | E94: pudukottai | F94: 1 | J94: 1 | M94: 2 | N94: 2 | AC94: 1 | AR94: 1 | AS94: 1 | AX94: 1 | BM94: 2 | CN94: 1 | CR94: {=SUMPRODUCT($G$4:$CQ$4,G94:CQ94)} -> 2439
A95: 88 | B95: Anmary | C95: Ramya | D95: National shopping | E95: Kumbankonam | F95: 1 | Z95: 2 | AA95: 2 | CR95: {=SUMPRODUCT($G$4:$CQ$4,G95:CQ95)} -> 978
A96: 89 | B96: Anmary | D96: National SM | E96: Ponnamaravathi | CR96: {=SUMPRODUCT($G$4:$CQ$4,G96:CQ96)} -> 0
A97: 90 | B97: Anmary | D97: Kurinji Max | E97: Kumbankonam | CR97: {=SUMPRODUCT($G$4:$CQ$4,G97:CQ97)} -> 0
A98: 91 | B98: Anmary | C98: Rajmeena | D98: Balaji super store | E98: usilampatti | F98: 1 | J98: 1 | Q98: 1 | S98: 1 | X98: 1 | AE98: 1 | CR98: {=SUMPRODUCT($G$4:$CQ$4,G98:CQ98)} -> 1333
A99: 91 | B99: Anmary | C99: Jancy | D99: Keerthi Super Market | E99: Vedasandhur | F99: 1 | I99: 1 | L99: 1 | AA99: 1 | AF99: 1 | AR99: 1 | CR99: {=SUMPRODUCT($G$4:$CQ$4,G99:CQ99)} -> 1407
A100: 91 | B100: Anmary | D100: SVR Super Market | E100: Dindigul | CR100: {=SUMPRODUCT($G$4:$CQ$4,G100:CQ100)} -> 0
...

Sheet 29
A1: BA DAILY SALES DETAILS
G2: NEW PRODUCTS | AY2: OLD PRODUCTS | CR2: VALUE IN MRP
A3: S.NO | B3: SUPERVISORS | C3: BA NAME | D3: OUTLET NAME | E3: TOWN | F3: Present | G3: FACE CARE | V3: BODY CARE | AH3: HAIR CARE | AT3: PERSONAL CARE | AY3: FACE CARE | BN3: BODY CARE | BZ3: HAIR CARE | CL3: PERSONAL CARE
G4: 330 | H4: 195 | I4: 330 | J4: 195 | K4: 195 | L4: 294 | M4: 177 | N4: 123 | O4: 499 | P4: 499 | Q4: 499 | R4: 499 | S4: 249 | T4: 299 | U4: 150 | V4: 195 | W4: 195 | X4: 195 | Y4: 195 | Z4: 195 | AA4: 294 | AB4: 240 | AC4: 240 | AD4: 195 | AE4: 195 | AF4: 195 | AG4: 420 | AH4: 222 | AI4: 195 | AJ4: 270 | AK4: 270 | AL4: 270 | AM4: 270 | AN4: 330 | AO4: 330 | AP4: 330 | AQ4: 150 | AR4: 294 | AS4: 420 | AT4: 195 | AU4: 294 | AV4: 204 | AW4: 330 | AX4: 240 | AY4: 222 | AZ4: 150 | BA4: 222 | BB4: 150 | BC4: 150 | BD4: 195 | BE4: 150 | BF4: 78 | BG4: 420 | BH4: 420 | BI4: 375 | BJ4: 420 | BK4: 177 | BL4: 177 | BM4: 78 | BN4: 150 | BO4: 150 | BP4: 150 | BQ4: 150 | BR4: 150 | BS4: 240 | BT4: 195 | BU4: 195 | BV4: 150 | BW4: 150 | BX4: 150 | BY4: 294 | BZ4: 150 | CA4: 150 | CB4: 249 | CC4: 249 | CD4: 249 | CE4: 249 | CF4: 330 | CG4: 330 | CH4: 330 | CI4: 150 | CJ4: 294 | CK4: 294 | CL4: 300 | CM4: 195 | CN4: 294 | CO4: 204 | CP4: 330 | CQ4: 240
G5: Gold Facial | H5: Face Wash | I5: Hibiscus Powder | J5: Nalangu Powder | K5: Orange Peel | L5: Rose petals | M5: Kasthuri Manjal | N5: Multani Mitti | O5: Vitamin C Serum | P5: Saffron Serum | Q5: Vitamin C Cream | R5: Saffron Cream | S5: Aleovera Gel (W) | T5: Aleovera Gel (G) | U5: Rose Mist | V5: Pungam Oil Soap | W5: Mahua Oil Soap | X5: Coconut Oil Soap | Y5: Six Oil Soap | Z5: Papaya Soap | AA5: Milk Saffron Soap | AB5: Manjistha Soap | AC5: Vitamin C Soap | AD5: Goat Milk Soap | AE5: Charcoal Soap | AF5: Herbal Soap | AG5: Gold Soap | AH5: Henna Powder | AI5: Hair Wash Powder | AJ5: Rosemary Shampoo | AK5: Onion Shampoo | AL5: Bhringraj Shampoo | AM5: Flaxseed Shampoo | AN5: Flaxseed Conditioner | AO5: Rosemery Conditioner | AP5: Bhringraj Conditioner | AQ5: Hair Color (10g) | AR5: Hair Color (20g) | AS5: Hibiscus Hair Oil | AT5: Napkin L6 | AU5: Napkin L12 | AV5: Napkin XL6 | AW5: Napkin XL12 | AX5: Napkin XXL6 | AY5: Gold Facial | AZ5: Face Wash | BA5: Hibiscus Powder | BB5: Nalangu Powder | BC5: Orange Peel | BD5: Rose petals | BE5: Kasthuri Manjal | BF5: Multani Mitti | BG5: Vitamin C Serum | BH5: Saffron Serum | BI5: Vitamin C Cream | BJ5: Saffron Cream | BK5: Aleovera Gel (W) | BL5: Aleovera Gel (G) | BM5: Rose Mist | BN5: Pungam Oil Soap | BO5: Mahua Oil Soap | BP5: Coconut Oil Soap | BQ5: Six Oil Soap | BR5: Papaya Soap | BS5: Milk Saffron Soap | BT5: Manjistha Soap | BU5: Vitamin C Soap | BV5: Goat Milk Soap | BW5: Charcoal Soap | BX5: Herbal Soap | BY5: Gold Soap | BZ5: Henna Powder | CA5: Hair Wash Powder | CB5: Rosemary Shampoo | CC5: Onion Shampoo | CD5: Bhringraj Shampoo | CE5: Flaxseed Shampoo | CF5: Flaxseed Conditioner | CG5: Rosemery Conditioner | CH5: Bhringraj Conditioner | CI5: Hair Color (10g) | CJ5: Hair Color (20g) | CK5: Hibiscus Hair Oil | CL5: Secure 320 mm | CM5: Napkin L6 | CN5: Napkin L12 | CO5: Napkin XL6 | CP5: Napkin XL12 | CQ5: Napkin XXL6
A6: 1 | B6: Muthumari | C6: Veilaiyeeammal | D6: Refresh | E6: Sankarankovil | F6: 1 | H6: 1 | J6: 1 | R6: 1 | V6: 1 | W6: 2 | Z6: 1 | AA6: 1 | AC6: 2 | AE6: 1 | AG6: 1 | AK6: 2 | AQ6: 1 | CR6: {=SUMPRODUCT($G$4:$CQ$4,G6:CQ6)} -> 3748
A7: 2 | B7: Muthumari | C7: Mageswari D | D7: Joncy super mart | E7: Sivakasi | F7: 1 | J7: 1 | M7: 2 | N7: 2 | Q7: 1 | R7: 1 | U7: 1 | V7: 1 | Y7: 1 | Z7: 4 | AD7: 1 | AL7: 1 | AQ7: 1 | AS7: 1 | CR7: {=SUMPRODUCT($G$4:$CQ$4,G7:CQ7)} -> 4148
A8: 3 | B8: Muthumari | C8: Maheswari P | D8: Ndr super market | E8: Rajapalayam | F8: 1 | M8: 1 | AB8: 1 | AD8: 1 | AJ8: 1 | AL8: 2 | AQ8: 1 | AW8: 2 | AZ8: 1 | CE8: 1 | CR8: {=SUMPRODUCT($G$4:$CQ$4,G8:CQ8)} -> 2631
A9: 4 | B9: Muthumari | C9: lakshmi prabha | D9: Joncy mart | E9: Sivakasi | F9: 1 | M9: 2 | N9: 1 | P9: 1 | Q9: 1 | R9: 1 | T9: 1 | U9: 1 | V9: 1 | AB9: 1 | AC9: 2 | AD9: 2 | AE9: 2 | AG9: 1 | AJ9: 1 | AL9: 2 | AM9: 1 | AQ9: 4 | AR9: 1 | AV9: 1 | AW9: 2 | AX9: 1 | AZ9: 1 | BQ9: 1 | CR9: {=SUMPRODUCT($G$4:$CQ$4,G9:CQ9)} -> 7916
A10: 5 | B10: Muthumari | C10: Muthumari M | D10: Mario super market | E10: Rajapalayam | F10: 1 | M10: 1 | N10: 1 | O10: 1 | S10: 1 | V10: 1 | Z10: 1 | AJ10: 1 | AL10: 1 | CI10: 5 | CP10: 1 | CR10: {=SUMPRODUCT($G$4:$CQ$4,G10:CQ10)} -> 3058
A11: 6 | B11: Muthumari | C11: Latha | D11: New balaji | E11: Sivakasi | F11: 1 | M11: 1 | N11: 1 | U11: 1 | AF11: 1 | AJ11: 1 | AO11: 1 | AQ11: 1 | AR11: 1 | AT11: 1 | AW11: 1 | BP11: 1 | CR11: {=SUMPRODUCT($G$4:$CQ$4,G11:CQ11)} -> 2364
A12: 7 | B12: Muthumari | C12: Kaliswari S | D12: Tamilnadu super market | E12: Rajapalayam | F12: 1 | M12: 2 | P12: 1 | S12: 2 | W12: 1 | Z12: 1 | AC12: 1 | AJ12: 1 | AK12: 2 | AL12: 4 | AN12: 1 | AQ12: 2 | AS12: 1 | AV12: 2 | CE12: 1 | CR12: {=SUMPRODUCT($G$4:$CQ$4,G12:CQ12)} -> 5578
A13: 8 | B13: Muthumari | C13: bahavathi | D13: Jass Super market | E13: Srivilliputhur | F13: 1 | M13: 1 | AQ13: 1 | AS13: 1 | AV13: 2 | AW13: 2 | BF13: 1 | CR13: {=SUMPRODUCT($G$4:$CQ$4,G13:CQ13)} -> 1893
A14: 9 | B14: Muthumari | C14: Kala | D14: AkM Super Market | E14: Puliankudi | F14: 1 | H14: 1 | J14: 1 | M14: 1 | R14: 2 | V14: 1 | AB14: 1 | AC14: 1 | AD14: 1 | BB14: 1 | CI14: 1 | CJ14: 1 | CO14: 1 | CR14: {=SUMPRODUCT($G$4:$CQ$4,G14:CQ14)} -> 3233
A15: 10 | B15: Muthumari | C15: Jeyalakshmi | D15: B Cart | E15: Sivakasi | F15: 1 | AK15: 1 | AL15: 1 | AQ15: 1 | AV15: 2 | CR15: {=SUMPRODUCT($G$4:$CQ$4,G15:CQ15)} -> 1098
A16: 11 | B16: Muthumari | C16: Selvi | D16: Ambika | E16: Senkottai | CR16: {=SUMPRODUCT($G$4:$CQ$4,G16:CQ16)} -> 0
A17: 12 | B17: Muthumari | C17: Sathya | D17: Velayuthannadar | E17: Surandai | F17: 1 | H17: 2 | J17: 1 | N17: 1 | U17: 1 | Z17: 1 | AD17: 2 | AJ17: 1 | AK17: 1 | AM17: 1 | AW17: 3 | AX17: 1 | CI17: 2 | CR17: {=SUMPRODUCT($G$4:$CQ$4,G17:CQ17)} -> 3783
A18: 13 | B18: Esakkiammal | C18: karthigai | D18: Kumar | E18: kovil | F18: 1 | AV18: 1 | AZ18: 1 | BW18: 1 | BY18: 1 | CF18: 1 | CI18: 2 | CR18: {=SUMPRODUCT($G$4:$CQ$4,G18:CQ18)} -> 1428
A19: 14 | B19: Esakkiammal | C19: valliammal | D19: Balaji super market | E19: Sattur | F19: 1 | G19: 1 | V19: 1 | AB19: 1 | AW19: 1 | BN19: 1 | CJ19: 2 | CR19: {=SUMPRODUCT($G$4:$CQ$4,G19:CQ19)} -> 1833
A20: 15 | B20: Esakkiammal | C20: Revathi | D20: Aryaas super market | E20: Tirunelveli | F20: 1 | G20: 1 | H20: 1 | R20: 1 | V20: 1 | AA20: 1 | AB20: 1 | AC20: 2 | AK20: 1 | AL20: 1 | AQ20: 2 | CR20: {=SUMPRODUCT($G$4:$CQ$4,G20:CQ20)} -> 3073
A21: 16 | B21: Esakkiammal | C21: esakkiammal | D21: Ganesh | E21: Tirunelveli | F21: 1 | V21: 3 | AI21: 1 | AL21: 1 | AQ21: 3 | AX21: 2 | CR21: {=SUMPRODUCT($G$4:$CQ$4,G21:CQ21)} -> 1980
A22: 17 | B22: Esakkiammal | C22: Vasantha S | D22: V.S.R | E22: Thisayanvilai | F22: 1 | N22: 2 | O22: 1 | R22: 1 | Z22: 4 | AA22: 1 | AC22: 1 | AE22: 1 | AJ22: 1 | AK22: 3 | CD22: 2 | CH22: 1 | CM22: 2 | CR22: {=SUMPRODUCT($G$4:$CQ$4,G22:CQ22)} -> 5051
A23: 18 | B23: Esakkiammal | C23: Mahalakshmi | D23: Pothys | E23: Tirunelveli | F23: 1 | J23: 1 | N23: 2 | P23: 1 | R23: 1 | X23: 1 | AB23: 2 | AC23: 2 | AD23: 2 | AG23: 3 | AH23: 1 | AI23: 1 | AJ23: 3 | AK23: 2 | AL23: 1 | AQ23: 6 | AR23: 2 | AS23: 4 | AV23: 1 | AW23: 1 | AX23: 1 | CR23: {=SUMPRODUCT($G$4:$CQ$4,G23:CQ23)} -> 10223
A24: 19 | B24: Esakkiammal | D24: Nachiyar | E24: Tirunelveli | F24: 1 | J24: 1 | S24: 1 | AJ24: 1 | AK24: 1 | AL24: 1 | AQ24: 3 | AS24: 1 | AU24: 1 | AW24: 1 | AX24: 2 | CR24: {=SUMPRODUCT($G$4:$CQ$4,G24:CQ24)} -> 3228
A25: 20 | B25: Esakkiammal | C25: Nagalakshmi | D25: BSF CANTEEN | E25: Tirunelveli | CR25: {=SUMPRODUCT($G$4:$CQ$4,G25:CQ25)} -> 0
A26: 21 | B26: Esakkiammal | D26: Samuel super market | E26: Eral | CR26: {=SUMPRODUCT($G$4:$CQ$4,G26:CQ26)} -> 0
A27: 22 | B27: Esakkiammal | C27: Rooth mari | D27: Abu hanifa store | E27: Tirunelveli | F27: 1 | J27: 1 | M27: 2 | N27: 1 | U27: 1 | AC27: 2 | AE27: 1 | AS27: 1 | CE27: 1 | CR27: {=SUMPRODUCT($G$4:$CQ$4,G27:CQ27)} -> 2166
A28: 23 | B28: Esakkiammal | D28: Ayya supermarket | E28: chettikulam | CR28: {=SUMPRODUCT($G$4:$CQ$4,G28:CQ28)} -> 0
A29: 24 | B29: Esakkiammal | C29: Kumaradevi | D29: Five star Supermarket | E29: kallidaikurichi | F29: 1 | T29: 1 | V29: 1 | CR29: {=SUMPRODUCT($G$4:$CQ$4,G29:CQ29)} -> 494
A30: 25 | B30: Esakkiammal | C30: Remove Shop | D30: Jaya super market | E30: panankudi | CR30: {=SUMPRODUCT($G$4:$CQ$4,G30:CQ30)} -> 0
A31: 26 | B31: Esakkiammal | D31: Anita Super Market | E31: Tirunelveli | CR31: {=SUMPRODUCT($G$4:$CQ$4,G31:CQ31)} -> 0
A32: 27 | B32: Esakkiammal | D32: Sathiya Super Market | E32: Kovilpatti | CR32: {=SUMPRODUCT($G$4:$CQ$4,G32:CQ32)} -> 0
A33: 28 | B33: Viji | C33: Ajitha | D33: Pothys | E33: Nagerkovil | F33: 1 | J33: 2 | M33: 2 | S33: 2 | AN33: 1 | AO33: 1 | AQ33: 5 | AR33: 1 | AS33: 4 | AX33: 2 | CR33: {=SUMPRODUCT($G$4:$CQ$4,G33:CQ33)} -> 5106
A34: 29 | B34: Viji | C34: Bindhu | D34: Ganesh | E34: Nagerkovil | F34: 1 | G34: 1 | H34: 1 | I34: 1 | J34: 2 | AB34: 1 | AR34: 1 | BE34: 1 | BM34: 1 | BP34: 1 | BS34: 1 | CR34: {=SUMPRODUCT($G$4:$CQ$4,G34:CQ34)} -> 2397
A35: 30 | B35: Viji | C35: Mahalakshmi | D35: Anantha | E35: Pammam | F35: 1 | G35: 1 | H35: 1 | J35: 2 | M35: 1 | Q35: 1 | R35: 2 | S35: 1 | V35: 1 | AA35: 1 | AC35: 2 | AD35: 1 | AG35: 2 | AK35: 1 | AS35: 2 | AU35: 1 | BR35: 2 | CE35: 1 | CF35: 2 | CR35: {=SUMPRODUCT($G$4:$CQ$4,G35:CQ35)} -> 7455
A36: 31 | B36: Viji | C36: Dhanyarani | D36: Varaity | E36: Kaliyakkavilai | F36: 1 | M36: 1 | N36: 2 | T36: 1 | Y36: 3 | AT36: 1 | AW36: 2 | AX36: 1 | AZ36: 1 | CR36: {=SUMPRODUCT($G$4:$CQ$4,G36:CQ36)} -> 2552
A37: 32 | B37: Viji | C37: Girija | D37: Louis | E37: Karunkal | F37: 1 | H37: 2 | Q37: 1 | R37: 1 | V37: 1 | Z37: 1 | AA37: 1 | AD37: 1 | AG37: 7 | AW37: 4 | CR37: {=SUMPRODUCT($G$4:$CQ$4,G37:CQ37)} -> 6527
A38: 33 | B38: Viji | C38: Girija | D38: Harris | E38: karungal | CR38: {=SUMPRODUCT($G$4:$CQ$4,G38:CQ38)} -> 0
A39: 34 | B39: Viji | D39: Ramasamy | E39: colochal | CR39: {=SUMPRODUCT($G$4:$CQ$4,G39:CQ39)} -> 0
A40: 35 | B40: Viji | C40: Vinoja | D40: One Shop | E40: Marthandam | F40: 1 | M40: 1 | R40: 1 | S40: 1 | U40: 1 | W40: 1 | X40: 2 | AF40: 1 | AX40: 1 | CR40: {=SUMPRODUCT($G$4:$CQ$4,G40:CQ40)} -> 2095
A41: 36 | B41: Viji | C41: vanitha | D41: Akn | E41: Marthandam | CR41: {=SUMPRODUCT($G$4:$CQ$4,G41:CQ41)} -> 0
A42: 37 | B42: Viji | D42: Robins Hypermarket | E42: Singanallur | CR42: {=SUMPRODUCT($G$4:$CQ$4,G42:CQ42)} -> 0
A43: 38 | B43: Viji | C43: Lakshmi Priya | D43: MS Shopping | E43: Townhall | F43: 1 | U43: 1 | AZ43: 1 | BK43: 1 | CR43: {=SUMPRODUCT($G$4:$CQ$4,G43:CQ43)} -> 477
A44: 39 | B44: Viji | C44: Gunasundari Saravanan | D44: Thulir | E44: Mettupalayam | F44: 1 | O44: 1 | AA44: 1 | AE44: 1 | CR44: {=SUMPRODUCT($G$4:$CQ$4,G44:CQ44)} -> 988
A45: 40 | B45: Viji | D45: Arthi | E45: Mettupalayam | CR45: {=SUMPRODUCT($G$4:$CQ$4,G45:CQ45)} -> 0
A46: 41 | B46: Viji | C46: Premavathi | D46: Arthi | E46: Vadavalli | F46: 1 | AX46: 2 | BM46: 1 | BU46: 1 | CR46: {=SUMPRODUCT($G$4:$CQ$4,G46:CQ46)} -> 753
A47: 42 | B47: Viji | C47: riganaparveen | D47: day2day | E47: kovaipudur | CR47: {=SUMPRODUCT($G$4:$CQ$4,G47:CQ47)} -> 0
A48: 43 | B48: Viji | C48: Sugusk | D48: Rengas | E48: Coimbatore | F48: 1 | Z48: 1 | AJ48: 3 | AS48: 1 | CR48: {=SUMPRODUCT($G$4:$CQ$4,G48:CQ48)} -> 1425
A49: 44 | B49: Viji | C49: Kartheeshwari | D49: SGS Super Market | E49: Coimbatore | F49: 1 | H49: 1 | R49: 1 | AC49: 1 | AM49: 1 | AN49: 1 | AQ49: 1 | AW49: 1 | CR49: {=SUMPRODUCT($G$4:$CQ$4,G49:CQ49)} -> 2014
A50: 45 | B50: Vimal | C50: Ammu | D50: Ready basket | E50: Chennai | F50: 1 | R50: 1 | T50: 1 | AD50: 1 | AK50: 1 | AL50: 2 | AS50: 1 | BG50: 1 | BI50: 1 | CI50: 2 | CK50: 1 | CR50: {=SUMPRODUCT($G$4:$CQ$4,G50:CQ50)} -> 3612
A51: 46 | B51: Vimal | C51: Karthika | D51: pandian fancy | E51: Chennai | CR51: {=SUMPRODUCT($G$4:$CQ$4,G51:CQ51)} -> 0
A52: 47 | B52: Vimal | C52: B.Sumithra | D52: New Pandian | E52: T.nagar | F52: 1 | J52: 3 | L52: 2 | N52: 1 | P52: 3 | R52: 1 | U52: 5 | AE52: 1 | CI52: 2 | CR52: {=SUMPRODUCT($G$4:$CQ$4,G52:CQ52)} -> 4537
A53: 48 | B53: Vimal | D53: GIRI | E53: Thabaram | CR53: {=SUMPRODUCT($G$4:$CQ$4,G53:CQ53)} -> 0
A54: 49 | B54: Vimal | D54: Giri | E54: Tnagar | CR54: {=SUMPRODUCT($G$4:$CQ$4,G54:CQ54)} -> 0
A55: 50 | B55: Vimal | D55: Giri | E55: Pallikaranai | CR55: {=SUMPRODUCT($G$4:$CQ$4,G55:CQ55)} -> 0
A56: 51 | B56: Vimal | D56: GIRI | E56: Nanganallur | CR56: {=SUMPRODUCT($G$4:$CQ$4,G56:CQ56)} -> 0
A57: 52 | B57: Vimal | C57: megala | D57: Green Fresh | E57: Tambaram | F57: 1 | Q57: 1 | R57: 1 | AC57: 2 | AM57: 2 | AQ57: 2 | AR57: 4 | AS57: 1 | AW57: 1 | AY57: 1 | BB57: 1 | BE57: 1 | CR57: {=SUMPRODUCT($G$4:$CQ$4,G57:CQ57)} -> 4766
A58: 53 | B58: Vimal | C58: megala | D58: Rajan Departmental Store | E58: Tambaram | CR58: {=SUMPRODUCT($G$4:$CQ$4,G58:CQ58)} -> 0
A59: 54 | B59: Vimal | C59: megala | D59: Ram Dev | E59: Gunduvanchery | CR59: {=SUMPRODUCT($G$4:$CQ$4,G59:CQ59)} -> 0
A60: 55 | B60: Vimal | C60: Devi | D60: Sun Super market | E60: Madurangam | CR60: {=SUMPRODUCT($G$4:$CQ$4,G60:CQ60)} -> 0
A61: 56 | B61: Vimal | C61: Devi | D61: Sri murugan | E61: Madurangam | F61: 1 | K61: 1 | N61: 2 | U61: 3 | V61: 2 | Y61: 2 | AA61: 2 | AD61: 2 | AJ61: 1 | CR61: {=SUMPRODUCT($G$4:$CQ$4,G61:CQ61)} -> 2919
A62: 57 | B62: Vimal | D62: Giri | E62: Chinthamani | CR62: {=SUMPRODUCT($G$4:$CQ$4,G62:CQ62)} -> 0
A63: 58 | B63: Vimal | D63: Giri | E63: Annanagar | CR63: {=SUMPRODUCT($G$4:$CQ$4,G63:CQ63)} -> 0
A64: 59 | B64: Vimal | C64: Sai Lakshmi | D64: vairam Store | E64: Tnagar | CR64: {=SUMPRODUCT($G$4:$CQ$4,G64:CQ64)} -> 0
A65: 60 | B65: Vimal | C65: Revathi E | D65: vv mart | E65: Nanganallur | CR65: {=SUMPRODUCT($G$4:$CQ$4,G65:CQ65)} -> 0
A66: 61 | B66: Vimal | D66: vv mart | E66: sembakkam | CR66: {=SUMPRODUCT($G$4:$CQ$4,G66:CQ66)} -> 0
A67: 62 | B67: Vimal | D67: Blessing | E67: Tambaram | CR67: {=SUMPRODUCT($G$4:$CQ$4,G67:CQ67)} -> 0
A68: 63 | B68: yashmeen banu | C68: Saranya | D68: A.one | E68: Sivagangai | F68: 1 | M68: 2 | U68: 1 | AY68: 1 | BP68: 2 | BS68: 1 | CJ68: 1 | CK68: 1 | CR68: {=SUMPRODUCT($G$4:$CQ$4,G68:CQ68)} -> 1854
A69: 64 | B69: yashmeen banu | C69: Kavitha | D69: Orange super market | E69: Paramakudi | F69: 1 | AD69: 1 | AJ69: 1 | AL69: 1 | BJ69: 1 | BU69: 1 | CR69: {=SUMPRODUCT($G$4:$CQ$4,G69:CQ69)} -> 1350
A70: 65 | B70: yashmeen banu | C70: parsath | D70: Vanavil | E70: Devakottai | CR70: {=SUMPRODUCT($G$4:$CQ$4,G70:CQ70)} -> 0
A71: 66 | B71: yashmeen banu | C71: pandiselvi | D71: natraj super market | E71: thirumangalam | F71: 1 | J71: 1 | M71: 1 | R71: 1 | AA71: 1 | AE71: 1 | AI71: 1 | AK71: 1 | AQ71: 2 | CR71: {=SUMPRODUCT($G$4:$CQ$4,G71:CQ71)} -> 2125
A72: 67 | B72: yashmeen banu | C72: divya | D72: alfaritha | E72: ramnad | F72: 1 | M72: 2 | R72: 1 | V72: 2 | AD72: 2 | AQ72: 3 | AX72: 2 | BT72: 4 | CB72: 1 | CR72: {=SUMPRODUCT($G$4:$CQ$4,G72:CQ72)} -> 3592
A73: 68 | B73: yashmeen banu | C73: Lakshmi | D73: Anantham super market | E73: theni | CR73: {=SUMPRODUCT($G$4:$CQ$4,G73:CQ73)} -> 0
A74: 69 | B74: yashmeen banu | C74: Anjukam | D74: Elaki shoppin mall | E74: Ramnad | F74: 1 | G74: 1 | J74: 1 | M74: 1 | O74: 1 | P74: 1 | Q74: 1 | S74: 1 | U74: 2 | V74: 1 | AB74: 1 | AC74: 2 | AD74: 2 | AE74: 2 | AK74: 2 | AL74: 1 | AN74: 1 | AQ74: 2 | AX74: 1 | CR74: {=SUMPRODUCT($G$4:$CQ$4,G74:CQ74)} -> 6123
A75: 70 | B75: yashmeen banu | C75: Muthumari | D75: ESHA | E75: Virudhunagar | F75: 1 | Z75: 1 | AA75: 1 | AB75: 1 | BM75: 1 | CJ75: 1 | CP75: 1 | CR75: {=SUMPRODUCT($G$4:$CQ$4,G75:CQ75)} -> 1431
A76: 71 | B76: yashmeen banu | C76: Muthumari | D76: paramiltry canteen | E76: viruthunagar | CR76: {=SUMPRODUCT($G$4:$CQ$4,G76:CQ76)} -> 0
A77: 72 | B77: yashmeen banu | C77: Ellammal | D77: Thirumalai Super MArket | E77: Thirumangalam | F77: 1 | M77: 3 | AA77: 1 | AD77: 3 | AF77: 1 | AJ77: 1 | AL77: 1 | AM77: 1 | AU77: 1 | CR77: {=SUMPRODUCT($G$4:$CQ$4,G77:CQ77)} -> 2709
A78: 73 | B78: yashmeen banu | C78: Ellammal | D78: Thirumalai department | E78: thirumangalam | CR78: {=SUMPRODUCT($G$4:$CQ$4,G78:CQ78)} -> 0
A79: 74 | B79: yashmeen banu | C79: Arthi | D79: Almass super market | E79: Devakottai | F79: 1 | AD79: 1 | BC79: 1 | CK79: 1 | CR79: {=SUMPRODUCT($G$4:$CQ$4,G79:CQ79)} -> 639
A80: 75 | B80: yashmeen banu | C80: Nandhini | D80: Udhayam | E80: Thirupattur | F80: 1 | H80: 2 | L80: 1 | O80: 1 | P80: 2 | R80: 2 | U80: 1 | V80: 1 | AE80: 1 | AF80: 1 | AW80: 1 | CR80: {=SUMPRODUCT($G$4:$CQ$4,G80:CQ80)} -> 4244
A81: 76 | B81: yashmeen banu | C81: Pakkiya | D81: Karuvapillai SM | E81: thirumangalam | F81: 1 | S81: 1 | V81: 1 | AE81: 1 | AM81: 1 | AQ81: 1 | CR81: {=SUMPRODUCT($G$4:$CQ$4,G81:CQ81)} -> 1059
A82: 77 | B82: yashmeen banu | C82: Elakkiya | D82: Koyambedu SM | E82: Ramnad | CR82: {=SUMPRODUCT($G$4:$CQ$4,G82:CQ82)} -> 0
A83: 78 | B83: yashmeen banu | C83: Uma Devi | D83: Rathinam SM | E83: Usilampatti | F83: 1 | P83: 1 | Q83: 1 | R83: 1 | AG83: 2 | AJ83: 1 | AQ83: 1 | AR83: 2 | CR83: {=SUMPRODUCT($G$4:$CQ$4,G83:CQ83)} -> 3345
A84: 78 | B84: yashmeen banu | C84: Sankareshwari S | D84: Gupta Cosmetics | E84: Kilakkuvasal | CR84: {=SUMPRODUCT($G$4:$CQ$4,G84:CQ84)} -> 0
A85: 79 | B85: vennila | C85: kousalya | D85: bsf canteen | E85: katpadi | CR85: {=SUMPRODUCT($G$4:$CQ$4,G85:CQ85)} -> 0
A86: 80 | B86: vennila | C86: sharmila | D86: paneer super market 3 | E86: Tiruvannamalai | F86: 1 | J86: 1 | M86: 1 | T86: 1 | AN86: 1 | AY86: 1 | BS86: 1 | CR86: {=SUMPRODUCT($G$4:$CQ$4,G86:CQ86)} -> 1463
A87: 81 | B87: vennila | C87: santhiya | D87: new poombuhar | E87: vengikal | F87: 1 | O87: 1 | U87: 3 | AQ87: 6 | AR87: 1 | BC87: 1 | BZ87: 1 | CK87: 1 | CR87: {=SUMPRODUCT($G$4:$CQ$4,G87:CQ87)} -> 2737
A88: 82 | B88: vennila | C88: Anbarasi | D88: sri ranga | E88: gingee | CR88: {=SUMPRODUCT($G$4:$CQ$4,G88:CQ88)} -> 0
A89: 83 | B89: vennila | C89: vidya | D89: vadamalai | E89: tirupattur | F89: 1 | M89: 1 | T89: 1 | V89: 1 | AQ89: 1 | AS89: 1 | AW89: 1 | CR89: {=SUMPRODUCT($G$4:$CQ$4,G89:CQ89)} -> 1571
A90: 84 | B90: vennila | C90: Bhuvaneswari | D90: PANEER 2 | E90: Tiruvannamalai | CR90: {=SUMPRODUCT($G$4:$CQ$4,G90:CQ90)} -> 0
A91: 85 | B91: vennila | C91: Tamilarasi | D91: vasavi | E91: vandavasi | F91: 1 | G91: 1 | AM91: 1 | CR91: {=SUMPRODUCT($G$4:$CQ$4,G91:CQ91)} -> 600
A92: 86 | B92: vennila | C92: Punitha D | D92: sri balaji | E92: gingee | F92: 1 | U92: 2 | BO92: 2 | CI92: 1 | CR92: {=SUMPRODUCT($G$4:$CQ$4,G92:CQ92)} -> 750
A93: 86 | B93: vennila | C93: Anitha | D93: Pothys | E93: Pondicherry | F93: 1 | O93: 1 | AC93: 3 | AE93: 1 | AF93: 2 | AI93: 1 | AJ93: 1 | AS93: 1 | CR93: {=SUMPRODUCT($G$4:$CQ$4,G93:CQ93)} -> 2689
A94: 87 | B94: Anmary | C94: Mathavi | D94: Janapriya | E94: pudukottai | F94: 1 | J94: 2 | N94: 2 | AJ94: 1 | AQ94: 1 | AR94: 1 | BM94: 2 | CO94: 2 | CR94: {=SUMPRODUCT($G$4:$CQ$4,G94:CQ94)} -> 1914
A95: 88 | B95: Anmary | C95: Ramya | D95: National shopping | E95: Kumbankonam | F95: 1 | AK95: 1 | AL95: 1 | CP95: 1 | CR95: {=SUMPRODUCT($G$4:$CQ$4,G95:CQ95)} -> 870
A96: 89 | B96: Anmary | D96: National SM | E96: Ponnamaravathi | CR96: {=SUMPRODUCT($G$4:$CQ$4,G96:CQ96)} -> 0
A97: 90 | B97: Anmary | D97: Kurinji Max | E97: Kumbankonam | CR97: {=SUMPRODUCT($G$4:$CQ$4,G97:CQ97)} -> 0
A98: 91 | B98: Anmary | C98: Rajmeena | D98: Balaji super store | E98: usilampatti | F98: 1 | R98: 1 | T98: 1 | W98: 1 | AG98: 1 | AO98: 1 | AS98: 1 | CR98: {=SUMPRODUCT($G$4:$CQ$4,G98:CQ98)} -> 2163
A99: 91 | B99: Anmary | C99: Jancy | D99: Keerthi Super Market | E99: Vedasandhur | F99: 1 | L99: 1 | M99: 1 | N99: 1 | U99: 1 | X99: 1 | AA99: 1 | AB99: 1 | AC99: 1 | AD99: 1 | AE99: 1 | AL99: 1 | AR99: 1 | AS99: 1 | CR99: {=SUMPRODUCT($G$4:$CQ$4,G99:CQ99)} -> 3087
A100: 91 | B100: Anmary | D100: SVR Super Market | E100: Dindigul | CR100: {=SUMPRODUCT($G$4:$CQ$4,G100:CQ100)} -> 0
...

Sheet 30
A1: BA DAILY SALES DETAILS
G2: NEW PRODUCTS | AY2: OLD PRODUCTS | CR2: VALUE IN MRP
A3: S.NO | B3: SUPERVISORS | C3: BA NAME | D3: OUTLET NAME | E3: TOWN | F3: Present | G3: FACE CARE | V3: BODY CARE | AH3: HAIR CARE | AT3: PERSONAL CARE | AY3: FACE CARE | BN3: BODY CARE | BZ3: HAIR CARE | CL3: PERSONAL CARE
G4: 330 | H4: 195 | I4: 330 | J4: 195 | K4: 195 | L4: 294 | M4: 177 | N4: 123 | O4: 499 | P4: 499 | Q4: 499 | R4: 499 | S4: 249 | T4: 299 | U4: 150 | V4: 195 | W4: 195 | X4: 195 | Y4: 195 | Z4: 195 | AA4: 294 | AB4: 240 | AC4: 240 | AD4: 195 | AE4: 195 | AF4: 195 | AG4: 420 | AH4: 222 | AI4: 195 | AJ4: 270 | AK4: 270 | AL4: 270 | AM4: 270 | AN4: 330 | AO4: 330 | AP4: 330 | AQ4: 150 | AR4: 294 | AS4: 420 | AT4: 195 | AU4: 294 | AV4: 204 | AW4: 330 | AX4: 240 | AY4: 222 | AZ4: 150 | BA4: 222 | BB4: 150 | BC4: 150 | BD4: 195 | BE4: 150 | BF4: 78 | BG4: 420 | BH4: 420 | BI4: 375 | BJ4: 420 | BK4: 177 | BL4: 177 | BM4: 78 | BN4: 150 | BO4: 150 | BP4: 150 | BQ4: 150 | BR4: 150 | BS4: 240 | BT4: 195 | BU4: 195 | BV4: 150 | BW4: 150 | BX4: 150 | BY4: 294 | BZ4: 150 | CA4: 150 | CB4: 249 | CC4: 249 | CD4: 249 | CE4: 249 | CF4: 330 | CG4: 330 | CH4: 330 | CI4: 150 | CJ4: 294 | CK4: 294 | CL4: 300 | CM4: 195 | CN4: 294 | CO4: 204 | CP4: 330 | CQ4: 240
G5: Gold Facial | H5: Face Wash | I5: Hibiscus Powder | J5: Nalangu Powder | K5: Orange Peel | L5: Rose petals | M5: Kasthuri Manjal | N5: Multani Mitti | O5: Vitamin C Serum | P5: Saffron Serum | Q5: Vitamin C Cream | R5: Saffron Cream | S5: Aleovera Gel (W) | T5: Aleovera Gel (G) | U5: Rose Mist | V5: Pungam Oil Soap | W5: Mahua Oil Soap | X5: Coconut Oil Soap | Y5: Six Oil Soap | Z5: Papaya Soap | AA5: Milk Saffron Soap | AB5: Manjistha Soap | AC5: Vitamin C Soap | AD5: Goat Milk Soap | AE5: Charcoal Soap | AF5: Herbal Soap | AG5: Gold Soap | AH5: Henna Powder | AI5: Hair Wash Powder | AJ5: Rosemary Shampoo | AK5: Onion Shampoo | AL5: Bhringraj Shampoo | AM5: Flaxseed Shampoo | AN5: Flaxseed Conditioner | AO5: Rosemery Conditioner | AP5: Bhringraj Conditioner | AQ5: Hair Color (10g) | AR5: Hair Color (20g) | AS5: Hibiscus Hair Oil | AT5: Napkin L6 | AU5: Napkin L12 | AV5: Napkin XL6 | AW5: Napkin XL12 | AX5: Napkin XXL6 | AY5: Gold Facial | AZ5: Face Wash | BA5: Hibiscus Powder | BB5: Nalangu Powder | BC5: Orange Peel | BD5: Rose petals | BE5: Kasthuri Manjal | BF5: Multani Mitti | BG5: Vitamin C Serum | BH5: Saffron Serum | BI5: Vitamin C Cream | BJ5: Saffron Cream | BK5: Aleovera Gel (W) | BL5: Aleovera Gel (G) | BM5: Rose Mist | BN5: Pungam Oil Soap | BO5: Mahua Oil Soap | BP5: Coconut Oil Soap | BQ5: Six Oil Soap | BR5: Papaya Soap | BS5: Milk Saffron Soap | BT5: Manjistha Soap | BU5: Vitamin C Soap | BV5: Goat Milk Soap | BW5: Charcoal Soap | BX5: Herbal Soap | BY5: Gold Soap | BZ5: Henna Powder | CA5: Hair Wash Powder | CB5: Rosemary Shampoo | CC5: Onion Shampoo | CD5: Bhringraj Shampoo | CE5: Flaxseed Shampoo | CF5: Flaxseed Conditioner | CG5: Rosemery Conditioner | CH5: Bhringraj Conditioner | CI5: Hair Color (10g) | CJ5: Hair Color (20g) | CK5: Hibiscus Hair Oil | CL5: Secure 320 mm | CM5: Napkin L6 | CN5: Napkin L12 | CO5: Napkin XL6 | CP5: Napkin XL12 | CQ5: Napkin XXL6
A6: 1 | B6: Muthumari | C6: Veilaiyeeammal | D6: Refresh | E6: Sankarankovil | F6: 1 | J6: 1 | K6: 1 | W6: 2 | AK6: 1 | AL6: 2 | AS6: 2 | AW6: 1 | AX6: 2 | CR6: {=SUMPRODUCT($G$4:$CQ$4,G6:CQ6)} -> 3240
A7: 2 | B7: Muthumari | C7: Mageswari D | D7: Joncy super mart | E7: Sivakasi | F7: 1 | M7: 1 | R7: 1 | S7: 1 | V7: 1 | Y7: 2 | AA7: 3 | AC7: 2 | AD7: 1 | AM7: 1 | AQ7: 3 | CR7: {=SUMPRODUCT($G$4:$CQ$4,G7:CQ7)} -> 3787
A8: 3 | B8: Muthumari | C8: Maheswari P | D8: Ndr super market | E8: Rajapalayam | F8: 1 | S8: 1 | T8: 1 | AL8: 1 | AN8: 1 | AQ8: 2 | BD8: 1 | CR8: {=SUMPRODUCT($G$4:$CQ$4,G8:CQ8)} -> 1643
A9: 4 | B9: Muthumari | C9: lakshmi prabha | D9: Joncy mart | E9: Sivakasi | F9: 1 | M9: 1 | N9: 1 | U9: 1 | V9: 1 | AA9: 1 | AB9: 1 | AC9: 1 | AD9: 1 | AE9: 1 | AJ9: 1 | AS9: 1 | CR9: {=SUMPRODUCT($G$4:$CQ$4,G9:CQ9)} -> 2499
A10: 5 | B10: Muthumari | C10: Muthumari M | D10: Mario super market | E10: Rajapalayam | F10: 1 | S10: 1 | Z10: 1 | AC10: 2 | AJ10: 1 | AL10: 1 | CI10: 2 | CQ10: 1 | CR10: {=SUMPRODUCT($G$4:$CQ$4,G10:CQ10)} -> 2004
A11: 6 | B11: Muthumari | C11: Latha | D11: New balaji | E11: Sivakasi | F11: 1 | J11: 1 | M11: 2 | AD11: 1 | AQ11: 2 | AR11: 1 | AW11: 1 | AX11: 1 | CR11: {=SUMPRODUCT($G$4:$CQ$4,G11:CQ11)} -> 1908
A12: 7 | B12: Muthumari | C12: Kaliswari S | D12: Tamilnadu super market | E12: Rajapalayam | F12: 1 | S12: 1 | V12: 1 | Y12: 1 | AL12: 1 | AQ12: 1 | AW12: 1 | CR12: {=SUMPRODUCT($G$4:$CQ$4,G12:CQ12)} -> 1389
A13: 8 | B13: Muthumari | C13: bahavathi | D13: Jass Super market | E13: Srivilliputhur | F13: 1 | R13: 1 | AC13: 1 | AD13: 1 | AL13: 1 | AS13: 1 | AW13: 2 | BF13: 1 | BO13: 1 | CR13: {=SUMPRODUCT($G$4:$CQ$4,G13:CQ13)} -> 2512
A14: 9 | B14: Muthumari | C14: Kala | D14: AkM Super Market | E14: Puliankudi | F14: 1 | S14: 1 | W14: 2 | AB14: 1 | AG14: 1 | AK14: 2 | AM14: 1 | CF14: 1 | CR14: {=SUMPRODUCT($G$4:$CQ$4,G14:CQ14)} -> 2439
A15: 10 | B15: Muthumari | C15: Jeyalakshmi | D15: B Cart | E15: Sivakasi | F15: 1 | Q15: 1 | U15: 1 | AR15: 1 | CR15: {=SUMPRODUCT($G$4:$CQ$4,G15:CQ15)} -> 943
A16: 11 | B16: Muthumari | C16: Selvi | D16: Ambika | E16: Senkottai | F16: 1 | AC16: 1 | AZ16: 1 | BM16: 3 | BO16: 1 | BS16: 1 | CE16: 1 | CI16: 1 | CM16: 1 | CP16: 1 | CR16: {=SUMPRODUCT($G$4:$CQ$4,G16:CQ16)} -> 1938
A17: 12 | B17: Muthumari | C17: Sathya | D17: Velayuthannadar | E17: Surandai | F17: 1 | V17: 1 | AG17: 2 | AW17: 1 | BL17: 1 | CR17: {=SUMPRODUCT($G$4:$CQ$4,G17:CQ17)} -> 1542
A18: 13 | B18: Esakkiammal | C18: karthigai | D18: Kumar | E18: kovil | F18: 1 | AV18: 1 | AY18: 1 | BB18: 1 | BW18: 1 | BY18: 1 | CI18: 1 | CR18: {=SUMPRODUCT($G$4:$CQ$4,G18:CQ18)} -> 1170
A19: 14 | B19: Esakkiammal | C19: valliammal | D19: Balaji super market | E19: Sattur | F19: 1 | M19: 1 | N19: 1 | V19: 4 | AA19: 2 | AB19: 2 | AM19: 1 | BA19: 1 | BS19: 1 | BW19: 1 | CR19: {=SUMPRODUCT($G$4:$CQ$4,G19:CQ19)} -> 3030
A20: 15 | B20: Esakkiammal | C20: Revathi | D20: Aryaas super market | E20: Tirunelveli | F20: 1 | H20: 1 | AF20: 1 | AR20: 3 | CR20: {=SUMPRODUCT($G$4:$CQ$4,G20:CQ20)} -> 1272
A21: 16 | B21: Esakkiammal | C21: esakkiammal | D21: Ganesh | E21: Tirunelveli | F21: 1 | V21: 1 | AQ21: 2 | AW21: 1 | BD21: 1 | CR21: {=SUMPRODUCT($G$4:$CQ$4,G21:CQ21)} -> 1020
A22: 17 | B22: Esakkiammal | C22: Vasantha S | D22: V.S.R | E22: Thisayanvilai | F22: 1 | R22: 1 | S22: 1 | Z22: 1 | AB22: 1 | AC22: 1 | AD22: 1 | AJ22: 1 | AK22: 2 | AM22: 1 | AN22: 1 | AO22: 1 | AS22: 1 | CD22: 1 | CF22: 1 | CR22: {=SUMPRODUCT($G$4:$CQ$4,G22:CQ22)} -> 4357
A23: 18 | B23: Esakkiammal | C23: Mahalakshmi | D23: Pothys | E23: Tirunelveli | F23: 1 | J23: 3 | M23: 5 | P23: 1 | R23: 1 | S23: 1 | T23: 3 | X23: 3 | AA23: 3 | AB23: 1 | AF23: 1 | AG23: 2 | AH23: 2 | AJ23: 2 | AK23: 2 | AL23: 2 | AN23: 1 | AQ23: 1 | AR23: 2 | AX23: 1 | AY23: 1 | CR23: {=SUMPRODUCT($G$4:$CQ$4,G23:CQ23)} -> 9950
A24: 19 | B24: Esakkiammal | D24: Nachiyar | E24: Tirunelveli | CR24: {=SUMPRODUCT($G$4:$CQ$4,G24:CQ24)} -> 0
A25: 20 | B25: Esakkiammal | C25: Nagalakshmi | D25: BSF CANTEEN | E25: Tirunelveli | CR25: {=SUMPRODUCT($G$4:$CQ$4,G25:CQ25)} -> 0
A26: 21 | B26: Esakkiammal | D26: Samuel super market | E26: Eral | CR26: {=SUMPRODUCT($G$4:$CQ$4,G26:CQ26)} -> 0
A27: 22 | B27: Esakkiammal | C27: Rooth mari | D27: Abu hanifa store | E27: Tirunelveli | F27: 1 | M27: 1 | AB27: 1 | AC27: 1 | AJ27: 1 | AK27: 1 | CE27: 1 | CK27: 1 | CR27: {=SUMPRODUCT($G$4:$CQ$4,G27:CQ27)} -> 1740
A28: 23 | B28: Esakkiammal | D28: Ayya supermarket | E28: chettikulam | CR28: {=SUMPRODUCT($G$4:$CQ$4,G28:CQ28)} -> 0
A29: 24 | B29: Esakkiammal | C29: Kumaradevi | D29: Five star Supermarket | E29: kallidaikurichi | F29: 1 | J29: 1 | N29: 1 | CR29: {=SUMPRODUCT($G$4:$CQ$4,G29:CQ29)} -> 318
A30: 25 | B30: Esakkiammal | C30: Remove Shop | D30: Jaya super market | E30: panankudi | CR30: {=SUMPRODUCT($G$4:$CQ$4,G30:CQ30)} -> 0
A31: 26 | B31: Esakkiammal | D31: Anita Super Market | E31: Tirunelveli | CR31: {=SUMPRODUCT($G$4:$CQ$4,G31:CQ31)} -> 0
A32: 27 | B32: Esakkiammal | D32: Sathiya Super Market | E32: Kovilpatti | CR32: {=SUMPRODUCT($G$4:$CQ$4,G32:CQ32)} -> 0
A33: 28 | B33: Viji | C33: Ajitha | D33: Pothys | E33: Nagerkovil | F33: 1 | S33: 1 | AQ33: 2 | AS33: 2 | BM33: 1 | CR33: {=SUMPRODUCT($G$4:$CQ$4,G33:CQ33)} -> 1467
A34: 29 | B34: Viji | C34: Bindhu | D34: Ganesh | E34: Nagerkovil | CR34: {=SUMPRODUCT($G$4:$CQ$4,G34:CQ34)} -> 0
A35: 30 | B35: Viji | C35: Mahalakshmi | D35: Anantha | E35: Pammam | F35: 1 | H35: 1 | N35: 3 | S35: 1 | V35: 1 | AA35: 1 | AS35: 1 | AU35: 1 | AW35: 1 | CI35: 1 | CR35: {=SUMPRODUCT($G$4:$CQ$4,G35:CQ35)} -> 2496
A36: 31 | B36: Viji | C36: Dhanyarani | D36: Varaity | E36: Kaliyakkavilai | F36: 1 | M36: 2 | N36: 2 | O36: 1 | U36: 1 | Y36: 7 | AC36: 1 | AQ36: 3 | AR36: 1 | AT36: 6 | AV36: 2 | AW36: 1 | AX36: 3 | BB36: 1 | BR36: 1 | CR36: {=SUMPRODUCT($G$4:$CQ$4,G36:CQ36)} -> 6526
A37: 32 | B37: Viji | C37: Girija | D37: Louis | E37: Karunkal | F37: 1 | V37: 1 | AA37: 1 | AB37: 1 | AD37: 1 | BL37: 1 | CR37: {=SUMPRODUCT($G$4:$CQ$4,G37:CQ37)} -> 1101
A38: 33 | B38: Viji | C38: Girija | D38: Harris | E38: karungal | CR38: {=SUMPRODUCT($G$4:$CQ$4,G38:CQ38)} -> 0
A39: 34 | B39: Viji | D39: Ramasamy | E39: colochal | CR39: {=SUMPRODUCT($G$4:$CQ$4,G39:CQ39)} -> 0
A40: 35 | B40: Viji | C40: Vinoja | D40: One Shop | E40: Marthandam | F40: 1 | J40: 1 | S40: 1 | Z40: 1 | AG40: 1 | AK40: 1 | AR40: 2 | CR40: {=SUMPRODUCT($G$4:$CQ$4,G40:CQ40)} -> 1917
A41: 36 | B41: Viji | C41: vanitha | D41: Akn | E41: Marthandam | CR41: {=SUMPRODUCT($G$4:$CQ$4,G41:CQ41)} -> 0
A42: 37 | B42: Viji | D42: Robins Hypermarket | E42: Singanallur | CR42: {=SUMPRODUCT($G$4:$CQ$4,G42:CQ42)} -> 0
A43: 38 | B43: Viji | C43: Lakshmi Priya | D43: MS Shopping | E43: Townhall | F43: 1 | AE43: 1 | CR43: {=SUMPRODUCT($G$4:$CQ$4,G43:CQ43)} -> 195
A44: 39 | B44: Viji | C44: Gunasundari Saravanan | D44: Thulir | E44: Mettupalayam | CR44: {=SUMPRODUCT($G$4:$CQ$4,G44:CQ44)} -> 0
A45: 40 | B45: Viji | D45: Arthi | E45: Mettupalayam | CR45: {=SUMPRODUCT($G$4:$CQ$4,G45:CQ45)} -> 0
A46: 41 | B46: Viji | C46: Premavathi | D46: Arthi | E46: Vadavalli | CR46: {=SUMPRODUCT($G$4:$CQ$4,G46:CQ46)} -> 0
A47: 42 | B47: Viji | C47: riganaparveen | D47: day2day | E47: kovaipudur | CR47: {=SUMPRODUCT($G$4:$CQ$4,G47:CQ47)} -> 0
A48: 43 | B48: Viji | C48: Sugusk | D48: Rengas | E48: Coimbatore | F48: 1 | AL48: 1 | CR48: {=SUMPRODUCT($G$4:$CQ$4,G48:CQ48)} -> 270
A49: 44 | B49: Viji | C49: Kartheeshwari | D49: SGS Super Market | E49: Coimbatore | F49: 1 | G49: 1 | J49: 1 | N49: 1 | U49: 1 | AJ49: 1 | AR49: 3 | BD49: 1 | BV49: 1 | CG49: 1 | CR49: {=SUMPRODUCT($G$4:$CQ$4,G49:CQ49)} -> 2625
A50: 45 | B50: Vimal | C50: Ammu | D50: Ready basket | E50: Chennai | CR50: {=SUMPRODUCT($G$4:$CQ$4,G50:CQ50)} -> 0
A51: 46 | B51: Vimal | C51: Karthika | D51: pandian fancy | E51: Chennai | CR51: {=SUMPRODUCT($G$4:$CQ$4,G51:CQ51)} -> 0
A52: 47 | B52: Vimal | C52: B.Sumithra | D52: New Pandian | E52: T.nagar | F52: 1 | J52: 1 | K52: 1 | L52: 1 | O52: 1 | S52: 1 | U52: 1 | AY52: 2 | CB52: 1 | CI52: 1 | CR52: {=SUMPRODUCT($G$4:$CQ$4,G52:CQ52)} -> 2425
A53: 48 | B53: Vimal | D53: GIRI | E53: Thabaram | CR53: {=SUMPRODUCT($G$4:$CQ$4,G53:CQ53)} -> 0
A54: 49 | B54: Vimal | D54: Giri | E54: Tnagar | CR54: {=SUMPRODUCT($G$4:$CQ$4,G54:CQ54)} -> 0
A55: 50 | B55: Vimal | D55: Giri | E55: Pallikaranai | CR55: {=SUMPRODUCT($G$4:$CQ$4,G55:CQ55)} -> 0
A56: 51 | B56: Vimal | D56: GIRI | E56: Nanganallur | CR56: {=SUMPRODUCT($G$4:$CQ$4,G56:CQ56)} -> 0
A57: 52 | B57: Vimal | C57: megala | D57: Green Fresh | E57: Tambaram | CR57: {=SUMPRODUCT($G$4:$CQ$4,G57:CQ57)} -> 0
A58: 53 | B58: Vimal | C58: megala | D58: Rajan Departmental Store | E58: Tambaram | F58: 1 | R58: 1 | AS58: 1 | BK58: 1 | CI58: 1 | CJ58: 2 | CR58: {=SUMPRODUCT($G$4:$CQ$4,G58:CQ58)} -> 1834
A59: 54 | B59: Vimal | C59: megala | D59: Ram Dev | E59: Gunduvanchery | CR59: {=SUMPRODUCT($G$4:$CQ$4,G59:CQ59)} -> 0
A60: 55 | B60: Vimal | C60: Devi | D60: Sun Super market | E60: Madurangam | CR60: {=SUMPRODUCT($G$4:$CQ$4,G60:CQ60)} -> 0
A61: 56 | B61: Vimal | C61: Devi | D61: Sri murugan | E61: Madurangam | CR61: {=SUMPRODUCT($G$4:$CQ$4,G61:CQ61)} -> 0
A62: 57 | B62: Vimal | D62: Giri | E62: Chinthamani | CR62: {=SUMPRODUCT($G$4:$CQ$4,G62:CQ62)} -> 0
A63: 58 | B63: Vimal | D63: Giri | E63: Annanagar | CR63: {=SUMPRODUCT($G$4:$CQ$4,G63:CQ63)} -> 0
A64: 59 | B64: Vimal | C64: Sai Lakshmi | D64: vairam Store | E64: Tnagar | CR64: {=SUMPRODUCT($G$4:$CQ$4,G64:CQ64)} -> 0
A65: 60 | B65: Vimal | C65: Revathi E | D65: vv mart | E65: Nanganallur | CR65: {=SUMPRODUCT($G$4:$CQ$4,G65:CQ65)} -> 0
A66: 61 | B66: Vimal | D66: vv mart | E66: sembakkam | CR66: {=SUMPRODUCT($G$4:$CQ$4,G66:CQ66)} -> 0
A67: 62 | B67: Vimal | D67: Blessing | E67: Tambaram | CR67: {=SUMPRODUCT($G$4:$CQ$4,G67:CQ67)} -> 0
A68: 63 | B68: yashmeen banu | C68: Saranya | D68: A.one | E68: Sivagangai | F68: 1 | N68: 2 | U68: 1 | AH68: 1 | AL68: 1 | AM68: 1 | BC68: 2 | BI68: 1 | CM68: 1 | CR68: {=SUMPRODUCT($G$4:$CQ$4,G68:CQ68)} -> 2028
A69: 64 | B69: yashmeen banu | C69: Kavitha | D69: Orange super market | E69: Paramakudi | F69: 1 | M69: 1 | BB69: 1 | BD69: 1 | BF69: 1 | BK69: 1 | BL69: 1 | CI69: 2 | CR69: {=SUMPRODUCT($G$4:$CQ$4,G69:CQ69)} -> 1254
A70: 65 | B70: yashmeen banu | C70: parsath | D70: Vanavil | E70: Devakottai | CR70: {=SUMPRODUCT($G$4:$CQ$4,G70:CQ70)} -> 0
A71: 66 | B71: yashmeen banu | C71: pandiselvi | D71: natraj super market | E71: thirumangalam | CR71: {=SUMPRODUCT($G$4:$CQ$4,G71:CQ71)} -> 0
A72: 67 | B72: yashmeen banu | C72: divya | D72: alfaritha | E72: ramnad | F72: 1 | G72: 1 | M72: 2 | R72: 1 | AD72: 2 | AE72: 1 | AQ72: 2 | AS72: 1 | AW72: 1 | BR72: 3 | BT72: 2 | CR72: {=SUMPRODUCT($G$4:$CQ$4,G72:CQ72)} -> 3658
A73: 68 | B73: yashmeen banu | C73: Lakshmi | D73: Anantham super market | E73: theni | CR73: {=SUMPRODUCT($G$4:$CQ$4,G73:CQ73)} -> 0
A74: 69 | B74: yashmeen banu | C74: Anjukam | D74: Elaki shoppin mall | E74: Ramnad | F74: 1 | J74: 1 | N74: 1 | O74: 1 | Q74: 1 | AB74: 1 | AC74: 2 | AE74: 2 | AR74: 1 | AS74: 3 | AW74: 1 | CR74: {=SUMPRODUCT($G$4:$CQ$4,G74:CQ74)} -> 4310
A75: 70 | B75: yashmeen banu | C75: Muthumari | D75: ESHA | E75: Virudhunagar | CR75: {=SUMPRODUCT($G$4:$CQ$4,G75:CQ75)} -> 0
A76: 71 | B76: yashmeen banu | C76: Muthumari | D76: paramiltry canteen | E76: viruthunagar | F76: 1 | CB76: 1 | CD76: 1 | CI76: 1 | CR76: {=SUMPRODUCT($G$4:$CQ$4,G76:CQ76)} -> 648
A77: 72 | B77: yashmeen banu | C77: Ellammal | D77: Thirumalai Super MArket | E77: Thirumangalam | CR77: {=SUMPRODUCT($G$4:$CQ$4,G77:CQ77)} -> 0
A78: 73 | B78: yashmeen banu | C78: Ellammal | D78: Thirumalai department | E78: thirumangalam | F78: 1 | M78: 2 | N78: 1 | U78: 2 | W78: 3 | Z78: 2 | AA78: 1 | AC78: 1 | AF78: 1 | AS78: 1 | AV78: 1 | CR78: {=SUMPRODUCT($G$4:$CQ$4,G78:CQ78)} -> 3105
A79: 74 | B79: yashmeen banu | C79: Arthi | D79: Almass super market | E79: Devakottai | F79: 1 | AD79: 1 | BL79: 2 | CR79: {=SUMPRODUCT($G$4:$CQ$4,G79:CQ79)} -> 549
A80: 75 | B80: yashmeen banu | C80: Nandhini | D80: Udhayam | E80: Thirupattur | F80: 1 | P80: 4 | R80: 3 | T80: 1 | Y80: 2 | Z80: 1 | AA80: 2 | AD80: 1 | AQ80: 1 | AS80: 1 | CR80: {=SUMPRODUCT($G$4:$CQ$4,G80:CQ80)} -> 5730
A81: 76 | B81: yashmeen banu | C81: Pakkiya | D81: Karuvapillai SM | E81: thirumangalam | F81: 1 | Y81: 1 | AB81: 1 | AM81: 1 | AS81: 1 | CR81: {=SUMPRODUCT($G$4:$CQ$4,G81:CQ81)} -> 1125
A82: 77 | B82: yashmeen banu | C82: Elakkiya | D82: Koyambedu SM | E82: Ramnad | F82: 1 | M82: 2 | N82: 2 | P82: 1 | S82: 1 | U82: 1 | W82: 1 | AA82: 1 | AB82: 1 | AE82: 1 | AF82: 1 | AI82: 1 | AK82: 2 | AP82: 1 | AR82: 2 | CR82: {=SUMPRODUCT($G$4:$CQ$4,G82:CQ82)} -> 4270
A83: 78 | B83: yashmeen banu | C83: Uma Devi | D83: Rathinam SM | E83: Usilampatti | F83: 1 | G83: 1 | P83: 1 | R83: 1 | AC83: 1 | CR83: {=SUMPRODUCT($G$4:$CQ$4,G83:CQ83)} -> 1568
A84: 78 | B84: yashmeen banu | C84: Sankareshwari S | D84: Gupta Cosmetics | E84: Kilakkuvasal | F84: 1 | G84: 1 | K84: 1 | M84: 1 | U84: 1 | AS84: 1 | CR84: {=SUMPRODUCT($G$4:$CQ$4,G84:CQ84)} -> 1272
A85: 79 | B85: vennila | C85: kousalya | D85: bsf canteen | E85: katpadi | F85: 1 | G85: 1 | M85: 1 | N85: 1 | O85: 1 | R85: 2 | T85: 1 | V85: 1 | AB85: 1 | AK85: 2 | AQ85: 1 | AR85: 1 | AS85: 1 | AW85: 2 | CR85: {=SUMPRODUCT($G$4:$CQ$4,G85:CQ85)} -> 4925
A86: 80 | B86: vennila | C86: sharmila | D86: paneer super market 3 | E86: Tiruvannamalai | F86: 1 | AR86: 1 | BR86: 1 | CE86: 1 | CR86: {=SUMPRODUCT($G$4:$CQ$4,G86:CQ86)} -> 693
A87: 81 | B87: vennila | C87: santhiya | D87: new poombuhar | E87: vengikal | F87: 1 | P87: 2 | R87: 1 | AA87: 1 | AL87: 1 | AW87: 1 | CR87: {=SUMPRODUCT($G$4:$CQ$4,G87:CQ87)} -> 2391
A88: 82 | B88: vennila | C88: Anbarasi | D88: sri ranga | E88: gingee | F88: 1 | Q88: 1 | AB88: 1 | BK88: 1 | CR88: {=SUMPRODUCT($G$4:$CQ$4,G88:CQ88)} -> 916
A89: 83 | B89: vennila | C89: vidya | D89: vadamalai | E89: tirupattur | F89: 1 | N89: 1 | P89: 1 | AC89: 1 | AK89: 1 | AS89: 1 | CE89: 1 | CQ89: 1 | CR89: {=SUMPRODUCT($G$4:$CQ$4,G89:CQ89)} -> 2041
A90: 84 | B90: vennila | C90: Bhuvaneswari | D90: PANEER 2 | E90: Tiruvannamalai | CR90: {=SUMPRODUCT($G$4:$CQ$4,G90:CQ90)} -> 0
A91: 85 | B91: vennila | C91: Tamilarasi | D91: vasavi | E91: vandavasi | F91: 1 | AD91: 1 | AF91: 1 | AK91: 1 | AL91: 1 | CR91: {=SUMPRODUCT($G$4:$CQ$4,G91:CQ91)} -> 930
A92: 86 | B92: vennila | C92: Punitha D | D92: sri balaji | E92: gingee | F92: 1 | Q92: 1 | AQ92: 1 | BL92: 1 | CR92: {=SUMPRODUCT($G$4:$CQ$4,G92:CQ92)} -> 826
A93: 86 | B93: vennila | C93: Anitha | D93: Pothys | E93: Pondicherry | CR93: {=SUMPRODUCT($G$4:$CQ$4,G93:CQ93)} -> 0
A94: 87 | B94: Anmary | C94: Mathavi | D94: Janapriya | E94: pudukottai | F94: 1 | J94: 1 | N94: 1 | R94: 1 | AC94: 1 | AK94: 1 | AR94: 1 | BK94: 1 | BM94: 2 | CO94: 1 | CR94: {=SUMPRODUCT($G$4:$CQ$4,G94:CQ94)} -> 2158
A95: 88 | B95: Anmary | C95: Ramya | D95: National shopping | E95: Kumbankonam | F95: 1 | M95: 1 | U95: 1 | AI95: 2 | AW95: 1 | CR95: {=SUMPRODUCT($G$4:$CQ$4,G95:CQ95)} -> 1047
A96: 89 | B96: Anmary | D96: National SM | E96: Ponnamaravathi | CR96: {=SUMPRODUCT($G$4:$CQ$4,G96:CQ96)} -> 0
A97: 90 | B97: Anmary | D97: Kurinji Max | E97: Kumbankonam | CR97: {=SUMPRODUCT($G$4:$CQ$4,G97:CQ97)} -> 0
A98: 91 | B98: Anmary | C98: Rajmeena | D98: Balaji super store | E98: usilampatti | F98: 1 | I98: 1 | M98: 1 | S98: 1 | X98: 1 | AE98: 2 | CR98: {=SUMPRODUCT($G$4:$CQ$4,G98:CQ98)} -> 1341
A99: 91 | B99: Anmary | C99: Jancy | D99: Keerthi Super Market | E99: Vedasandhur | F99: 1 | H99: 1 | M99: 2 | N99: 1 | T99: 1 | W99: 1 | X99: 1 | AF99: 1 | CR99: {=SUMPRODUCT($G$4:$CQ$4,G99:CQ99)} -> 1556
A100: 91 | B100: Anmary | C100: Bhanupriya | D100: SVR Super Market | E100: Dindigul | CR100: {=SUMPRODUCT($G$4:$CQ$4,G100:CQ100)} -> 0
...

Sheet 31
A1: BA DAILY SALES DETAILS
G2: NEW PRODUCTS | AY2: OLD PRODUCTS | CR2: VALUE IN MRP
A3: S.NO | B3: SUPERVISORS | C3: BA NAME | D3: OUTLET NAME | E3: TOWN | F3: Present | G3: FACE CARE | V3: BODY CARE | AH3: HAIR CARE | AT3: PERSONAL CARE | AY3: FACE CARE | BN3: BODY CARE | BZ3: HAIR CARE | CL3: PERSONAL CARE
G4: 330 | H4: 195 | I4: 330 | J4: 195 | K4: 195 | L4: 294 | M4: 177 | N4: 123 | O4: 499 | P4: 499 | Q4: 499 | R4: 499 | S4: 249 | T4: 299 | U4: 150 | V4: 195 | W4: 195 | X4: 195 | Y4: 195 | Z4: 195 | AA4: 294 | AB4: 240 | AC4: 240 | AD4: 195 | AE4: 195 | AF4: 195 | AG4: 420 | AH4: 222 | AI4: 195 | AJ4: 270 | AK4: 270 | AL4: 270 | AM4: 270 | AN4: 330 | AO4: 330 | AP4: 330 | AQ4: 150 | AR4: 294 | AS4: 420 | AT4: 195 | AU4: 294 | AV4: 204 | AW4: 330 | AX4: 240 | AY4: 222 | AZ4: 150 | BA4: 222 | BB4: 150 | BC4: 150 | BD4: 195 | BE4: 150 | BF4: 78 | BG4: 420 | BH4: 420 | BI4: 375 | BJ4: 420 | BK4: 177 | BL4: 177 | BM4: 78 | BN4: 150 | BO4: 150 | BP4: 150 | BQ4: 150 | BR4: 150 | BS4: 240 | BT4: 195 | BU4: 195 | BV4: 150 | BW4: 150 | BX4: 150 | BY4: 294 | BZ4: 150 | CA4: 150 | CB4: 249 | CC4: 249 | CD4: 249 | CE4: 249 | CF4: 330 | CG4: 330 | CH4: 330 | CI4: 150 | CJ4: 294 | CK4: 294 | CL4: 300 | CM4: 195 | CN4: 294 | CO4: 204 | CP4: 330 | CQ4: 240
G5: Gold Facial | H5: Face Wash | I5: Hibiscus Powder | J5: Nalangu Powder | K5: Orange Peel | L5: Rose petals | M5: Kasthuri Manjal | N5: Multani Mitti | O5: Vitamin C Serum | P5: Saffron Serum | Q5: Vitamin C Cream | R5: Saffron Cream | S5: Aleovera Gel (W) | T5: Aleovera Gel (G) | U5: Rose Mist | V5: Pungam Oil Soap | W5: Mahua Oil Soap | X5: Coconut Oil Soap | Y5: Six Oil Soap | Z5: Papaya Soap | AA5: Milk Saffron Soap | AB5: Manjistha Soap | AC5: Vitamin C Soap | AD5: Goat Milk Soap | AE5: Charcoal Soap | AF5: Herbal Soap | AG5: Gold Soap | AH5: Henna Powder | AI5: Hair Wash Powder | AJ5: Rosemary Shampoo | AK5: Onion Shampoo | AL5: Bhringraj Shampoo | AM5: Flaxseed Shampoo | AN5: Flaxseed Conditioner | AO5: Rosemery Conditioner | AP5: Bhringraj Conditioner | AQ5: Hair Color (10g) | AR5: Hair Color (20g) | AS5: Hibiscus Hair Oil | AT5: Napkin L6 | AU5: Napkin L12 | AV5: Napkin XL6 | AW5: Napkin XL12 | AX5: Napkin XXL6 | AY5: Gold Facial | AZ5: Face Wash | BA5: Hibiscus Powder | BB5: Nalangu Powder | BC5: Orange Peel | BD5: Rose petals | BE5: Kasthuri Manjal | BF5: Multani Mitti | BG5: Vitamin C Serum | BH5: Saffron Serum | BI5: Vitamin C Cream | BJ5: Saffron Cream | BK5: Aleovera Gel (W) | BL5: Aleovera Gel (G) | BM5: Rose Mist | BN5: Pungam Oil Soap | BO5: Mahua Oil Soap | BP5: Coconut Oil Soap | BQ5: Six Oil Soap | BR5: Papaya Soap | BS5: Milk Saffron Soap | BT5: Manjistha Soap | BU5: Vitamin C Soap | BV5: Goat Milk Soap | BW5: Charcoal Soap | BX5: Herbal Soap | BY5: Gold Soap | BZ5: Henna Powder | CA5: Hair Wash Powder | CB5: Rosemary Shampoo | CC5: Onion Shampoo | CD5: Bhringraj Shampoo | CE5: Flaxseed Shampoo | CF5: Flaxseed Conditioner | CG5: Rosemery Conditioner | CH5: Bhringraj Conditioner | CI5: Hair Color (10g) | CJ5: Hair Color (20g) | CK5: Hibiscus Hair Oil | CL5: Secure 320 mm | CM5: Napkin L6 | CN5: Napkin L12 | CO5: Napkin XL6 | CP5: Napkin XL12 | CQ5: Napkin XXL6
A6: 1 | B6: Muthumari | C6: Veilaiyeeammal | D6: Refresh | E6: Sankarankovil | F6: 1 | G6: 1 | K6: 1 | M6: 1 | W6: 2 | Z6: 2 | AC6: 2 | AD6: 1 | AP6: 1 | AQ6: 2 | CR6: {=SUMPRODUCT($G$4:$CQ$4,G6:CQ6)} -> 2787
A7: 2 | B7: Muthumari | C7: Mageswari D | D7: Joncy super mart | E7: Sivakasi | F7: 1 | M7: 1 | N7: 1 | Y7: 1 | AA7: 1 | AC7: 1 | AD7: 2 | AF7: 1 | BC7: 1 | CR7: {=SUMPRODUCT($G$4:$CQ$4,G7:CQ7)} -> 1764
A8: 3 | B8: Muthumari | C8: Maheswari P | D8: Ndr super market | E8: Rajapalayam | CR8: {=SUMPRODUCT($G$4:$CQ$4,G8:CQ8)} -> 0
A9: 4 | B9: Muthumari | C9: lakshmi prabha | D9: Joncy mart | E9: Sivakasi | F9: 1 | N9: 1 | U9: 1 | Z9: 1 | AA9: 1 | AB9: 2 | AC9: 1 | AI9: 1 | AL9: 1 | AO9: 1 | BO9: 1 | CR9: {=SUMPRODUCT($G$4:$CQ$4,G9:CQ9)} -> 2427
A10: 5 | B10: Muthumari | C10: Muthumari M | D10: Mario super market | E10: Rajapalayam | F10: 1 | Q10: 2 | V10: 1 | Z10: 1 | AL10: 1 | AS10: 1 | CI10: 1 | CR10: {=SUMPRODUCT($G$4:$CQ$4,G10:CQ10)} -> 2228
A11: 6 | B11: Muthumari | C11: Latha | D11: New balaji | E11: Sivakasi | F11: 1 | M11: 1 | N11: 1 | AD11: 1 | AG11: 1 | AQ11: 1 | AV11: 1 | AW11: 1 | BP11: 1 | CR11: {=SUMPRODUCT($G$4:$CQ$4,G11:CQ11)} -> 1749
A12: 7 | B12: Muthumari | C12: Kaliswari S | D12: Tamilnadu super market | E12: Rajapalayam | CR12: {=SUMPRODUCT($G$4:$CQ$4,G12:CQ12)} -> 0
A13: 8 | B13: Muthumari | C13: bahavathi | D13: Jass Super market | E13: Srivilliputhur | F13: 1 | J13: 1 | Q13: 1 | AD13: 1 | AQ13: 2 | AT13: 1 | AV13: 1 | AX13: 1 | CR13: {=SUMPRODUCT($G$4:$CQ$4,G13:CQ13)} -> 1828
A14: 9 | B14: Muthumari | C14: Kala | D14: AkM Super Market | E14: Puliankudi | F14: 1 | L14: 1 | N14: 1 | U14: 1 | AC14: 1 | AD14: 1 | AG14: 1 | AM14: 2 | AS14: 1 | BZ14: 1 | CI14: 2 | CR14: {=SUMPRODUCT($G$4:$CQ$4,G14:CQ14)} -> 2832
A15: 10 | B15: Muthumari | C15: Jeyalakshmi | D15: B Cart | E15: Sivakasi | F15: 1 | O15: 1 | Q15: 1 | CR15: {=SUMPRODUCT($G$4:$CQ$4,G15:CQ15)} -> 998
A16: 11 | B16: Muthumari | C16: Selvi | D16: Ambika | E16: Senkottai | F16: 1 | AD16: 2 | AY16: 1 | CR16: {=SUMPRODUCT($G$4:$CQ$4,G16:CQ16)} -> 612
A17: 12 | B17: Muthumari | C17: Sathya | D17: Velayuthannadar | E17: Surandai | CR17: {=SUMPRODUCT($G$4:$CQ$4,G17:CQ17)} -> 0
A18: 13 | B18: Esakkiammal | C18: karthigai | D18: Kumar | E18: kovil | F18: 1 | M18: 1 | N18: 1 | U18: 1 | AF18: 1 | BA18: 1 | BL18: 1 | CI18: 1 | CR18: {=SUMPRODUCT($G$4:$CQ$4,G18:CQ18)} -> 1194
A19: 14 | B19: Esakkiammal | C19: valliammal | D19: Balaji super market | E19: Sattur | F19: 1 | O19: 1 | V19: 1 | AB19: 1 | AC19: 1 | AJ19: 2 | AK19: 1 | AU19: 1 | AW19: 1 | AX19: 5 | CG19: 1 | CR19: {=SUMPRODUCT($G$4:$CQ$4,G19:CQ19)} -> 4138
A20: 15 | B20: Esakkiammal | C20: Revathi | D20: Aryaas super market | E20: Tirunelveli | CR20: {=SUMPRODUCT($G$4:$CQ$4,G20:CQ20)} -> 0
A21: 16 | B21: Esakkiammal | C21: esakkiammal | D21: Ganesh | E21: Tirunelveli | F21: 1 | H21: 1 | M21: 1 | AJ21: 1 | AQ21: 2 | AS21: 1 | AW21: 1 | BH21: 1 | BO21: 2 | CR21: {=SUMPRODUCT($G$4:$CQ$4,G21:CQ21)} -> 2412
A22: 17 | B22: Esakkiammal | C22: Vasantha S | D22: V.S.R | E22: Thisayanvilai | F22: 1 | S22: 1 | AA22: 1 | AC22: 1 | AF22: 3 | AG22: 1 | AJ22: 2 | AK22: 1 | AL22: 1 | AO22: 1 | CD22: 1 | CF22: 2 | CR22: {=SUMPRODUCT($G$4:$CQ$4,G22:CQ22)} -> 4107
A23: 18 | B23: Esakkiammal | C23: Mahalakshmi | D23: Pothys | E23: Tirunelveli | F23: 1 | J23: 1 | M23: 2 | N23: 1 | Q23: 3 | R23: 1 | S23: 1 | T23: 1 | U23: 2 | AE23: 5 | AI23: 1 | AL23: 1 | AS23: 4 | AT23: 2 | CR23: {=SUMPRODUCT($G$4:$CQ$4,G23:CQ23)} -> 7026
A24: 19 | B24: Esakkiammal | D24: Nachiyar | E24: Tirunelveli | CR24: {=SUMPRODUCT($G$4:$CQ$4,G24:CQ24)} -> 0
A25: 20 | B25: Esakkiammal | C25: Nagalakshmi | D25: BSF CANTEEN | E25: Tirunelveli | CR25: {=SUMPRODUCT($G$4:$CQ$4,G25:CQ25)} -> 0
A26: 21 | B26: Esakkiammal | D26: Samuel super market | E26: Eral | CR26: {=SUMPRODUCT($G$4:$CQ$4,G26:CQ26)} -> 0
A27: 22 | B27: Esakkiammal | C27: Rooth mari | D27: Abu hanifa store | E27: Tirunelveli | F27: 1 | M27: 3 | W27: 1 | Y27: 1 | AC27: 2 | AW27: 1 | CR27: {=SUMPRODUCT($G$4:$CQ$4,G27:CQ27)} -> 1731
A28: 23 | B28: Esakkiammal | D28: Ayya supermarket | E28: chettikulam | CR28: {=SUMPRODUCT($G$4:$CQ$4,G28:CQ28)} -> 0
A29: 24 | B29: Esakkiammal | C29: Kumaradevi | D29: Five star Supermarket | E29: kallidaikurichi | F29: 1 | AZ29: 1 | CR29: {=SUMPRODUCT($G$4:$CQ$4,G29:CQ29)} -> 150
A30: 25 | B30: Esakkiammal | C30: Remove Shop | D30: Jaya super market | E30: panankudi | CR30: {=SUMPRODUCT($G$4:$CQ$4,G30:CQ30)} -> 0
A31: 26 | B31: Esakkiammal | D31: Anita Super Market | E31: Tirunelveli | CR31: {=SUMPRODUCT($G$4:$CQ$4,G31:CQ31)} -> 0
A32: 27 | B32: Esakkiammal | D32: Sathiya Super Market | E32: Kovilpatti | CR32: {=SUMPRODUCT($G$4:$CQ$4,G32:CQ32)} -> 0
A33: 28 | B33: Viji | C33: Ajitha | D33: Pothys | E33: Nagerkovil | F33: 1 | M33: 1 | S33: 1 | AK33: 1 | AQ33: 2 | AR33: 1 | AX33: 1 | CR33: {=SUMPRODUCT($G$4:$CQ$4,G33:CQ33)} -> 1530
A34: 29 | B34: Viji | C34: Bindhu | D34: Ganesh | E34: Nagerkovil | CR34: {=SUMPRODUCT($G$4:$CQ$4,G34:CQ34)} -> 0
A35: 30 | B35: Viji | C35: Mahalakshmi | D35: Anantha | E35: Pammam | F35: 1 | O35: 1 | S35: 1 | U35: 1 | AJ35: 1 | AK35: 1 | AX35: 2 | CG35: 1 | CI35: 2 | CJ35: 1 | CR35: {=SUMPRODUCT($G$4:$CQ$4,G35:CQ35)} -> 2842
A36: 31 | B36: Viji | C36: Dhanyarani | D36: Varaity | E36: Kaliyakkavilai | F36: 1 | Y36: 3 | AC36: 3 | AK36: 1 | AQ36: 1 | CE36: 1 | CR36: {=SUMPRODUCT($G$4:$CQ$4,G36:CQ36)} -> 1974
A37: 32 | B37: Viji | C37: Girija | D37: Louis | E37: Karunkal | F37: 1 | Q37: 1 | R37: 2 | S37: 1 | U37: 1 | AD37: 1 | AU37: 1 | CR37: {=SUMPRODUCT($G$4:$CQ$4,G37:CQ37)} -> 2385
A38: 33 | B38: Viji | C38: Girija | D38: Harris | E38: karungal | CR38: {=SUMPRODUCT($G$4:$CQ$4,G38:CQ38)} -> 0
A39: 34 | B39: Viji | D39: Ramasamy | E39: colochal | CR39: {=SUMPRODUCT($G$4:$CQ$4,G39:CQ39)} -> 0
A40: 35 | B40: Viji | C40: Vinoja | D40: One Shop | E40: Marthandam | F40: 1 | W40: 1 | X40: 1 | Z40: 1 | AF40: 1 | AK40: 1 | AR40: 1 | CR40: {=SUMPRODUCT($G$4:$CQ$4,G40:CQ40)} -> 1344
A41: 36 | B41: Viji | C41: vanitha | D41: Akn | E41: Marthandam | CR41: {=SUMPRODUCT($G$4:$CQ$4,G41:CQ41)} -> 0
A42: 37 | B42: Viji | D42: Robins Hypermarket | E42: Singanallur | CR42: {=SUMPRODUCT($G$4:$CQ$4,G42:CQ42)} -> 0
A43: 38 | B43: Viji | C43: Lakshmi Priya | D43: MS Shopping | E43: Townhall | F43: 1 | BN43: 1 | CI43: 1 | CR43: {=SUMPRODUCT($G$4:$CQ$4,G43:CQ43)} -> 300
A44: 39 | B44: Viji | C44: Gunasundari Saravanan | D44: Thulir | E44: Mettupalayam | F44: 1 | M44: 1 | S44: 1 | AA44: 2 | AC44: 1 | AE44: 1 | AK44: 1 | BP44: 1 | CR44: {=SUMPRODUCT($G$4:$CQ$4,G44:CQ44)} -> 1869
A45: 40 | B45: Viji | D45: Arthi | E45: Mettupalayam | CR45: {=SUMPRODUCT($G$4:$CQ$4,G45:CQ45)} -> 0
A46: 41 | B46: Viji | C46: Premavathi | D46: Arthi | E46: Vadavalli | F46: 1 | BJ46: 1 | CR46: {=SUMPRODUCT($G$4:$CQ$4,G46:CQ46)} -> 420
A47: 42 | B47: Viji | C47: riganaparveen | D47: day2day | E47: kovaipudur | CR47: {=SUMPRODUCT($G$4:$CQ$4,G47:CQ47)} -> 0
A48: 43 | B48: Viji | C48: Sugusk | D48: Rengas | E48: Coimbatore | F48: 1 | AJ48: 1 | AL48: 1 | CR48: {=SUMPRODUCT($G$4:$CQ$4,G48:CQ48)} -> 540
A49: 44 | B49: Viji | C49: Kartheeshwari | D49: SGS Super Market | E49: Coimbatore | F49: 1 | H49: 1 | AJ49: 1 | AK49: 1 | AN49: 2 | AO49: 1 | AQ49: 1 | AX49: 2 | BE49: 1 | BX49: 1 | CR49: {=SUMPRODUCT($G$4:$CQ$4,G49:CQ49)} -> 2655
A50: 45 | B50: Vimal | C50: Ammu | D50: Ready basket | E50: Chennai | F50: 1 | M50: 1 | R50: 1 | T50: 1 | AJ50: 1 | AK50: 2 | CJ50: 2 | CK50: 1 | CR50: {=SUMPRODUCT($G$4:$CQ$4,G50:CQ50)} -> 2667
A51: 46 | B51: Vimal | C51: Karthika | D51: pandian fancy | E51: Chennai | F51: 1 | AE51: 1 | BW51: 2 | CJ51: 4 | CR51: {=SUMPRODUCT($G$4:$CQ$4,G51:CQ51)} -> 1671
A52: 47 | B52: Vimal | C52: B.Sumithra | D52: New Pandian | E52: T.nagar | CR52: {=SUMPRODUCT($G$4:$CQ$4,G52:CQ52)} -> 0
A53: 48 | B53: Vimal | D53: GIRI | E53: Thabaram | CR53: {=SUMPRODUCT($G$4:$CQ$4,G53:CQ53)} -> 0
A54: 49 | B54: Vimal | D54: Giri | E54: Tnagar | CR54: {=SUMPRODUCT($G$4:$CQ$4,G54:CQ54)} -> 0
A55: 50 | B55: Vimal | D55: Giri | E55: Pallikaranai | CR55: {=SUMPRODUCT($G$4:$CQ$4,G55:CQ55)} -> 0
A56: 51 | B56: Vimal | D56: GIRI | E56: Nanganallur | CR56: {=SUMPRODUCT($G$4:$CQ$4,G56:CQ56)} -> 0
A57: 52 | B57: Vimal | C57: megala | D57: Green Fresh | E57: Tambaram | F57: 1 | N57: 1 | R57: 1 | AV57: 1 | BH57: 2 | CI57: 2 | CJ57: 2 | CR57: {=SUMPRODUCT($G$4:$CQ$4,G57:CQ57)} -> 2554
A58: 53 | B58: Vimal | C58: megala | D58: Rajan Departmental Store | E58: Tambaram | CR58: {=SUMPRODUCT($G$4:$CQ$4,G58:CQ58)} -> 0
A59: 54 | B59: Vimal | C59: megala | D59: Ram Dev | E59: Gunduvanchery | CR59: {=SUMPRODUCT($G$4:$CQ$4,G59:CQ59)} -> 0
A60: 55 | B60: Vimal | C60: Devi | D60: Sun Super market | E60: Madurangam | CR60: {=SUMPRODUCT($G$4:$CQ$4,G60:CQ60)} -> 0
A61: 56 | B61: Vimal | C61: Devi | D61: Sri murugan | E61: Madurangam | F61: 1 | N61: 3 | U61: 2 | AG61: 2 | AI61: 2 | AN61: 1 | AQ61: 1 | AS61: 1 | BN61: 2 | CF61: 1 | CI61: 1 | CR61: {=SUMPRODUCT($G$4:$CQ$4,G61:CQ61)} -> 3579
A62: 57 | B62: Vimal | D62: Giri | E62: Chinthamani | CR62: {=SUMPRODUCT($G$4:$CQ$4,G62:CQ62)} -> 0
A63: 58 | B63: Vimal | D63: Giri | E63: Annanagar | CR63: {=SUMPRODUCT($G$4:$CQ$4,G63:CQ63)} -> 0
A64: 59 | B64: Vimal | C64: Sai Lakshmi | D64: vairam Store | E64: Tnagar | CR64: {=SUMPRODUCT($G$4:$CQ$4,G64:CQ64)} -> 0
A65: 60 | B65: Vimal | C65: Revathi E | D65: vv mart | E65: Nanganallur | CR65: {=SUMPRODUCT($G$4:$CQ$4,G65:CQ65)} -> 0
A66: 61 | B66: Vimal | D66: vv mart | E66: sembakkam | CR66: {=SUMPRODUCT($G$4:$CQ$4,G66:CQ66)} -> 0
A67: 62 | B67: Vimal | D67: Blessing | E67: Tambaram | CR67: {=SUMPRODUCT($G$4:$CQ$4,G67:CQ67)} -> 0
A68: 63 | B68: yashmeen banu | C68: Saranya | D68: A.one | E68: Sivagangai | F68: 1 | AD68: 1 | CE68: 1 | CJ68: 1 | CK68: 1 | CR68: {=SUMPRODUCT($G$4:$CQ$4,G68:CQ68)} -> 1032
A69: 64 | B69: yashmeen banu | C69: Kavitha | D69: Orange super market | E69: Paramakudi | CR69: {=SUMPRODUCT($G$4:$CQ$4,G69:CQ69)} -> 0
A70: 65 | B70: yashmeen banu | C70: parsath | D70: Vanavil | E70: Devakottai | CR70: {=SUMPRODUCT($G$4:$CQ$4,G70:CQ70)} -> 0
A71: 66 | B71: yashmeen banu | C71: pandiselvi | D71: natraj super market | E71: thirumangalam | CR71: {=SUMPRODUCT($G$4:$CQ$4,G71:CQ71)} -> 0
A72: 67 | B72: yashmeen banu | C72: divya | D72: alfaritha | E72: ramnad | F72: 1 | H72: 1 | M72: 1 | N72: 1 | S72: 1 | U72: 1 | AD72: 1 | AE72: 1 | AQ72: 2 | BD72: 1 | BL72: 1 | BO72: 2 | BR72: 2 | CR72: {=SUMPRODUCT($G$4:$CQ$4,G72:CQ72)} -> 2556
A73: 68 | B73: yashmeen banu | D73: Anantham super market | E73: theni | F73: 1 | M73: 1 | Q73: 1 | R73: 1 | T73: 1 | AA73: 1 | AD73: 1 | AL73: 1 | AO73: 1 | AP73: 1 | CR73: {=SUMPRODUCT($G$4:$CQ$4,G73:CQ73)} -> 2893
A74: 69 | B74: yashmeen banu | C74: Anjukam | D74: Elaki shoppin mall | E74: Ramnad | F74: 1 | J74: 1 | M74: 1 | N74: 2 | U74: 1 | W74: 2 | AD74: 2 | AS74: 1 | AX74: 1 | CR74: {=SUMPRODUCT($G$4:$CQ$4,G74:CQ74)} -> 2208
A75: 70 | B75: yashmeen banu | C75: Muthumari | D75: ESHA | E75: Virudhunagar | CR75: {=SUMPRODUCT($G$4:$CQ$4,G75:CQ75)} -> 0
A76: 71 | B76: yashmeen banu | C76: Muthumari | D76: paramiltry canteen | E76: viruthunagar | F76: 1 | M76: 2 | BB76: 1 | BL76: 2 | BM76: 2 | BR76: 1 | BW76: 1 | CR76: {=SUMPRODUCT($G$4:$CQ$4,G76:CQ76)} -> 1314
A77: 72 | B77: yashmeen banu | C77: Ellammal | D77: Thirumalai Super MArket | E77: Thirumangalam | F77: 1 | H77: 1 | M77: 2 | N77: 1 | AB77: 2 | BP77: 1 | CR77: {=SUMPRODUCT($G$4:$CQ$4,G77:CQ77)} -> 1302
A78: 73 | B78: yashmeen banu | C78: Ellammal | D78: Thirumalai department | E78: thirumangalam | CR78: {=SUMPRODUCT($G$4:$CQ$4,G78:CQ78)} -> 0
A79: 74 | B79: yashmeen banu | C79: Arthi | D79: Almass super market | E79: Devakottai | F79: 1 | AD79: 1 | AS79: 1 | CR79: {=SUMPRODUCT($G$4:$CQ$4,G79:CQ79)} -> 615
A80: 75 | B80: yashmeen banu | C80: Nandhini | D80: Udhayam | E80: Thirupattur | CR80: {=SUMPRODUCT($G$4:$CQ$4,G80:CQ80)} -> 0
A81: 76 | B81: yashmeen banu | C81: Pakkiya | D81: Karuvapillai SM | E81: thirumangalam | CR81: {=SUMPRODUCT($G$4:$CQ$4,G81:CQ81)} -> 0
A82: 77 | B82: yashmeen banu | C82: Elakkiya | D82: Koyambedu SM | E82: Ramnad | CR82: {=SUMPRODUCT($G$4:$CQ$4,G82:CQ82)} -> 0
A83: 78 | B83: yashmeen banu | C83: Uma Devi | D83: Rathinam SM | E83: Usilampatti | F83: 1 | N83: 1 | R83: 1 | U83: 3 | V83: 1 | Z83: 1 | AC83: 1 | AF83: 1 | AK83: 1 | AQ83: 2 | CR83: {=SUMPRODUCT($G$4:$CQ$4,G83:CQ83)} -> 2467
A84: 78 | B84: yashmeen banu | C84: Sankareshwari S | D84: Gupta Cosmetics | E84: Kilakkuvasal | F84: 1 | N84: 1 | P84: 2 | U84: 1 | AA84: 1 | CR84: {=SUMPRODUCT($G$4:$CQ$4,G84:CQ84)} -> 1565
A85: 79 | B85: vennila | C85: kousalya | D85: bsf canteen | E85: katpadi | CR85: {=SUMPRODUCT($G$4:$CQ$4,G85:CQ85)} -> 0
A86: 80 | B86: vennila | C86: sharmila | D86: paneer super market 3 | E86: Tiruvannamalai | CR86: {=SUMPRODUCT($G$4:$CQ$4,G86:CQ86)} -> 0
A87: 81 | B87: vennila | C87: santhiya | D87: new poombuhar | E87: vengikal | F87: 1 | R87: 1 | CK87: 3 | CR87: {=SUMPRODUCT($G$4:$CQ$4,G87:CQ87)} -> 1381
A88: 82 | B88: vennila | C88: Anbarasi | D88: sri ranga | E88: gingee | F88: 1 | AF88: 1 | BF88: 1 | CB88: 1 | CR88: {=SUMPRODUCT($G$4:$CQ$4,G88:CQ88)} -> 522
A89: 83 | B89: vennila | C89: vidya | D89: vadamalai | E89: tirupattur | F89: 1 | N89: 1 | P89: 1 | R89: 2 | AD89: 1 | AM89: 1 | AN89: 1 | AQ89: 1 | BS89: 1 | CD89: 1 | CR89: {=SUMPRODUCT($G$4:$CQ$4,G89:CQ89)} -> 3054
A90: 84 | B90: vennila | C90: Bhuvaneswari | D90: PANEER 2 | E90: Tiruvannamalai | CR90: {=SUMPRODUCT($G$4:$CQ$4,G90:CQ90)} -> 0
A91: 85 | B91: vennila | C91: Tamilarasi | D91: vasavi | E91: vandavasi | F91: 1 | AA91: 1 | AB91: 1 | AF91: 1 | CR91: {=SUMPRODUCT($G$4:$CQ$4,G91:CQ91)} -> 729
A92: 86 | B92: vennila | C92: Punitha D | D92: sri balaji | E92: gingee | F92: 1 | M92: 1 | AQ92: 1 | BO92: 2 | CR92: {=SUMPRODUCT($G$4:$CQ$4,G92:CQ92)} -> 627
A93: 86 | B93: vennila | C93: Anitha | D93: Pothys | E93: Pondicherry | CR93: {=SUMPRODUCT($G$4:$CQ$4,G93:CQ93)} -> 0
A94: 87 | B94: Anmary | C94: Mathavi | D94: Janapriya | E94: pudukottai | F94: 1 | J94: 2 | M94: 2 | AC94: 1 | AJ94: 1 | AR94: 1 | BT94: 1 | CR94: {=SUMPRODUCT($G$4:$CQ$4,G94:CQ94)} -> 1743
A95: 88 | B95: Anmary | C95: Ramya | D95: National shopping | E95: Kumbankonam | F95: 1 | N95: 2 | AE95: 2 | AS95: 1 | CP95: 1 | CR95: {=SUMPRODUCT($G$4:$CQ$4,G95:CQ95)} -> 1386
A96: 89 | B96: Anmary | D96: National SM | E96: Ponnamaravathi | CR96: {=SUMPRODUCT($G$4:$CQ$4,G96:CQ96)} -> 0
A97: 90 | B97: Anmary | D97: Kurinji Max | E97: Kumbankonam | CR97: {=SUMPRODUCT($G$4:$CQ$4,G97:CQ97)} -> 0
A98: 91 | B98: Anmary | C98: Rajmeena | D98: Balaji super store | E98: usilampatti | F98: 1 | I98: 1 | N98: 1 | P98: 1 | S98: 1 | X98: 1 | AA98: 1 | AE98: 1 | CR98: {=SUMPRODUCT($G$4:$CQ$4,G98:CQ98)} -> 1885
A99: 91 | B99: Anmary | C99: Jancy | D99: Keerthi Super Market | E99: Vedasandhur | CR99: {=SUMPRODUCT($G$4:$CQ$4,G99:CQ99)} -> 0
A100: 91 | B100: Anmary | C100: Bhanupriya | D100: SVR Super Market | E100: Dindigul | CR100: {=SUMPRODUCT($G$4:$CQ$4,G100:CQ100)} -> 0
...

Sheet 1
A1: BA DAILY SALES DETAILS
G2: NEW PRODUCTS | AY2: OLD PRODUCTS | CR2: VALUE IN MRP
A3: S.NO | B3: SUPERVISORS | C3: BA NAME | D3: OUTLET NAME | E3: TOWN | F3: Present | G3: FACE CARE | V3: BODY CARE | AH3: HAIR CARE | AT3: PERSONAL CARE | AY3: FACE CARE | BN3: BODY CARE | BZ3: HAIR CARE | CL3: PERSONAL CARE
G4: 330 | H4: 195 | I4: 330 | J4: 195 | K4: 195 | L4: 294 | M4: 177 | N4: 123 | O4: 499 | P4: 499 | Q4: 499 | R4: 499 | S4: 249 | T4: 299 | U4: 150 | V4: 195 | W4: 195 | X4: 195 | Y4: 195 | Z4: 195 | AA4: 294 | AB4: 240 | AC4: 240 | AD4: 195 | AE4: 195 | AF4: 195 | AG4: 420 | AH4: 222 | AI4: 195 | AJ4: 270 | AK4: 270 | AL4: 270 | AM4: 270 | AN4: 330 | AO4: 330 | AP4: 330 | AQ4: 150 | AR4: 294 | AS4: 420 | AT4: 195 | AU4: 294 | AV4: 204 | AW4: 330 | AX4: 240 | AY4: 222 | AZ4: 150 | BA4: 222 | BB4: 150 | BC4: 150 | BD4: 195 | BE4: 150 | BF4: 78 | BG4: 420 | BH4: 420 | BI4: 375 | BJ4: 420 | BK4: 177 | BL4: 177 | BM4: 78 | BN4: 150 | BO4: 150 | BP4: 150 | BQ4: 150 | BR4: 150 | BS4: 240 | BT4: 195 | BU4: 195 | BV4: 150 | BW4: 150 | BX4: 150 | BY4: 294 | BZ4: 150 | CA4: 150 | CB4: 249 | CC4: 249 | CD4: 249 | CE4: 249 | CF4: 330 | CG4: 330 | CH4: 330 | CI4: 150 | CJ4: 294 | CK4: 294 | CL4: 300 | CM4: 195 | CN4: 294 | CO4: 204 | CP4: 330 | CQ4: 240
G5: Gold Facial | H5: Face Wash | I5: Hibiscus Powder | J5: Nalangu Powder | K5: Orange Peel | L5: Rose petals | M5: Kasthuri Manjal | N5: Multani Mitti | O5: Vitamin C Serum | P5: Saffron Serum | Q5: Vitamin C Cream | R5: Saffron Cream | S5: Aleovera Gel (W) | T5: Aleovera Gel (G) | U5: Rose Mist | V5: Pungam Oil Soap | W5: Mahua Oil Soap | X5: Coconut Oil Soap | Y5: Six Oil Soap | Z5: Papaya Soap | AA5: Milk Saffron Soap | AB5: Manjistha Soap | AC5: Vitamin C Soap | AD5: Goat Milk Soap | AE5: Charcoal Soap | AF5: Herbal Soap | AG5: Gold Soap | AH5: Henna Powder | AI5: Hair Wash Powder | AJ5: Rosemary Shampoo | AK5: Onion Shampoo | AL5: Bhringraj Shampoo | AM5: Flaxseed Shampoo | AN5: Flaxseed Conditioner | AO5: Rosemery Conditioner | AP5: Bhringraj Conditioner | AQ5: Hair Color (10g) | AR5: Hair Color (20g) | AS5: Hibiscus Hair Oil | AT5: Napkin L6 | AU5: Napkin L12 | AV5: Napkin XL6 | AW5: Napkin XL12 | AX5: Napkin XXL6 | AY5: Gold Facial | AZ5: Face Wash | BA5: Hibiscus Powder | BB5: Nalangu Powder | BC5: Orange Peel | BD5: Rose petals | BE5: Kasthuri Manjal | BF5: Multani Mitti | BG5: Vitamin C Serum | BH5: Saffron Serum | BI5: Vitamin C Cream | BJ5: Saffron Cream | BK5: Aleovera Gel (W) | BL5: Aleovera Gel (G) | BM5: Rose Mist | BN5: Pungam Oil Soap | BO5: Mahua Oil Soap | BP5: Coconut Oil Soap | BQ5: Six Oil Soap | BR5: Papaya Soap | BS5: Milk Saffron Soap | BT5: Manjistha Soap | BU5: Vitamin C Soap | BV5: Goat Milk Soap | BW5: Charcoal Soap | BX5: Herbal Soap | BY5: Gold Soap | BZ5: Henna Powder | CA5: Hair Wash Powder | CB5: Rosemary Shampoo | CC5: Onion Shampoo | CD5: Bhringraj Shampoo | CE5: Flaxseed Shampoo | CF5: Flaxseed Conditioner | CG5: Rosemery Conditioner | CH5: Bhringraj Conditioner | CI5: Hair Color (10g) | CJ5: Hair Color (20g) | CK5: Hibiscus Hair Oil | CL5: Secure 320 mm | CM5: Napkin L6 | CN5: Napkin L12 | CO5: Napkin XL6 | CP5: Napkin XL12 | CQ5: Napkin XXL6
A6: 1 | B6: Muthumari | C6: Veilaiyeeammal | D6: Refresh | E6: Sankarankovil | F6: 1 | M6: 1 | R6: 1 | U6: 1 | V6: 1 | W6: 1 | AD6: 1 | AJ6: 1 | AK6: 1 | AQ6: 1 | CR6: {=SUMPRODUCT($G$4:$CQ$4,G6:CQ6)} -> 2101
A7: 2 | B7: Muthumari | C7: Mageswari D | D7: Joncy super mart | E7: Sivakasi | F7: 1 | M7: 1 | Q7: 1 | V7: 1 | W7: 1 | Y7: 3 | AA7: 1 | AC7: 1 | AD7: 2 | AR7: 1 | AU7: 1 | AV7: 1 | CR7: {=SUMPRODUCT($G$4:$CQ$4,G7:CQ7)} -> 3367
A8: 3 | B8: Muthumari | C8: Maheswari P | D8: Ndr super market | E8: Rajapalayam | F8: 1 | M8: 1 | N8: 2 | Q8: 1 | V8: 2 | AB8: 3 | AJ8: 1 | AL8: 2 | AO8: 1 | AQ8: 2 | CR8: {=SUMPRODUCT($G$4:$CQ$4,G8:CQ8)} -> 3472
A9: 4 | B9: Muthumari | C9: lakshmi prabha | D9: Joncy mart | E9: Sivakasi | F9: 1 | J9: 1 | K9: 1 | M9: 1 | N9: 3 | Q9: 1 | T9: 1 | V9: 4 | AA9: 2 | AB9: 1 | AC9: 1 | AD9: 1 | AL9: 1 | AS9: 1 | AW9: 1 | BQ9: 1 | CR9: {=SUMPRODUCT($G$4:$CQ$4,G9:CQ9)} -> 4947
A10: 5 | B10: Muthumari | C10: Muthumari M | D10: Mario super market | E10: Rajapalayam | F10: 1 | Q10: 1 | AA10: 1 | AK10: 1 | AL10: 1 | AP10: 1 | CI10: 2 | CR10: {=SUMPRODUCT($G$4:$CQ$4,G10:CQ10)} -> 1963
A11: 6 | B11: Muthumari | C11: Latha | D11: New balaji | E11: Sivakasi | F11: 1 | M11: 2 | AC11: 1 | AD11: 1 | AW11: 1 | BL11: 1 | BO11: 1 | CA11: 2 | CN11: 1 | CR11: {=SUMPRODUCT($G$4:$CQ$4,G11:CQ11)} -> 2040
A12: 7 | B12: Muthumari | C12: Kaliswari S | D12: Tamilnadu super market | E12: Rajapalayam | F12: 1 | N12: 1 | Q12: 1 | AC12: 1 | AD12: 1 | AK12: 1 | AL12: 1 | AW12: 1 | CE12: 1 | CF12: 1 | CR12: {=SUMPRODUCT($G$4:$CQ$4,G12:CQ12)} -> 2506
A13: 8 | B13: Muthumari | C13: bahavathi | D13: Jass Super market | E13: Srivilliputhur | F13: 1 | Q13: 1 | AQ13: 1 | AT13: 1 | AW13: 1 | CR13: {=SUMPRODUCT($G$4:$CQ$4,G13:CQ13)} -> 1174
A14: 9 | B14: Muthumari | C14: Kala | D14: AkM Super Market | E14: Puliankudi | F14: 1 | AC14: 1 | AK14: 1 | AL14: 1 | AM14: 1 | AW14: 1 | CI14: 1 | CR14: {=SUMPRODUCT($G$4:$CQ$4,G14:CQ14)} -> 1530
A15: 10 | B15: Muthumari | C15: Jeyalakshmi | D15: B Cart | E15: Sivakasi | F15: 1 | O15: 1 | CR15: {=SUMPRODUCT($G$4:$CQ$4,G15:CQ15)} -> 499
A16: 11 | B16: Muthumari | C16: Selvi | D16: Ambika | E16: Senkottai | CR16: {=SUMPRODUCT($G$4:$CQ$4,G16:CQ16)} -> 0
A17: 12 | B17: Muthumari | C17: Sathya | D17: Velayuthannadar | E17: Surandai | F17: 1 | M17: 1 | R17: 1 | S17: 1 | AA17: 1 | AC17: 3 | AD17: 2 | AE17: 1 | AJ17: 2 | AS17: 2 | AV17: 1 | AX17: 1 | BW17: 1 | BX17: 1 | CJ17: 1 | CR17: {=SUMPRODUCT($G$4:$CQ$4,G17:CQ17)} -> 4942
A18: 13 | B18: Esakkiammal | C18: karthigai | D18: Kumar | E18: kovil | F18: 1 | M18: 1 | N18: 1 | R18: 1 | AW18: 2 | BW18: 2 | CI18: 1 | CR18: {=SUMPRODUCT($G$4:$CQ$4,G18:CQ18)} -> 1909
A19: 14 | B19: Esakkiammal | C19: valliammal | D19: Balaji super market | E19: Sattur | F19: 1 | Q19: 1 | AC19: 1 | AD19: 1 | AU19: 1 | AW19: 2 | CR19: {=SUMPRODUCT($G$4:$CQ$4,G19:CQ19)} -> 1888
A20: 15 | B20: Esakkiammal | C20: Revathi | D20: Aryaas super market | E20: Tirunelveli | F20: 1 | R20: 2 | AI20: 1 | AL20: 2 | AQ20: 5 | AR20: 3 | AT20: 1 | AX20: 3 | CR20: {=SUMPRODUCT($G$4:$CQ$4,G20:CQ20)} -> 4280
A21: 16 | B21: Esakkiammal | C21: esakkiammal | D21: Ganesh | E21: Tirunelveli | F21: 1 | M21: 2 | Y21: 2 | AQ21: 1 | BG21: 1 | BH21: 1 | BJ21: 1 | CR21: {=SUMPRODUCT($G$4:$CQ$4,G21:CQ21)} -> 2154
A22: 17 | B22: Esakkiammal | C22: Vasantha S | D22: V.S.R | E22: Thisayanvilai | F22: 1 | N22: 1 | O22: 1 | Q22: 1 | V22: 1 | AJ22: 1 | AS22: 1 | AX22: 1 | CR22: {=SUMPRODUCT($G$4:$CQ$4,G22:CQ22)} -> 2246
A23: 18 | B23: Esakkiammal | C23: Mahalakshmi | D23: Pothys | E23: Tirunelveli | F23: 1 | J23: 1 | M23: 3 | O23: 1 | P23: 2 | Q23: 1 | R23: 1 | T23: 1 | V23: 1 | W23: 2 | AC23: 3 | AG23: 1 | AI23: 2 | AK23: 1 | AL23: 1 | AM23: 1 | AQ23: 6 | AR23: 5 | AS23: 2 | AT23: 2 | AY23: 1 | CR23: {=SUMPRODUCT($G$4:$CQ$4,G23:CQ23)} -> 10267
A24: 19 | B24: Esakkiammal | D24: Nachiyar | E24: Tirunelveli | CR24: {=SUMPRODUCT($G$4:$CQ$4,G24:CQ24)} -> 0
A25: 20 | B25: Esakkiammal | C25: Nagalakshmi | D25: BSF CANTEEN | E25: Tirunelveli | CR25: {=SUMPRODUCT($G$4:$CQ$4,G25:CQ25)} -> 0
A26: 21 | B26: Esakkiammal | D26: Samuel super market | E26: Eral | CR26: {=SUMPRODUCT($G$4:$CQ$4,G26:CQ26)} -> 0
A27: 22 | B27: Esakkiammal | C27: Rooth mari | D27: Abu hanifa store | E27: Tirunelveli | CR27: {=SUMPRODUCT($G$4:$CQ$4,G27:CQ27)} -> 0
A28: 23 | B28: Esakkiammal | D28: Ayya supermarket | E28: chettikulam | CR28: {=SUMPRODUCT($G$4:$CQ$4,G28:CQ28)} -> 0
A29: 24 | B29: Esakkiammal | C29: Kumaradevi | D29: Five star Supermarket | E29: kallidaikurichi | CR29: {=SUMPRODUCT($G$4:$CQ$4,G29:CQ29)} -> 0
A30: 25 | B30: Esakkiammal | C30: Remove Shop | D30: Jaya super market | E30: panankudi | CR30: {=SUMPRODUCT($G$4:$CQ$4,G30:CQ30)} -> 0
A31: 26 | B31: Esakkiammal | D31: Anita Super Market | E31: Tirunelveli | CR31: {=SUMPRODUCT($G$4:$CQ$4,G31:CQ31)} -> 0
A32: 27 | B32: Esakkiammal | D32: Sathiya Super Market | E32: Kovilpatti | CR32: {=SUMPRODUCT($G$4:$CQ$4,G32:CQ32)} -> 0
A33: 28 | B33: Viji | C33: Ajitha | D33: Pothys | E33: Nagerkovil | F33: 1 | J33: 1 | M33: 1 | S33: 1 | V33: 1 | AM33: 1 | AQ33: 5 | AT33: 1 | CR33: {=SUMPRODUCT($G$4:$CQ$4,G33:CQ33)} -> 2031
A34: 29 | B34: Viji | C34: Bindhu | D34: Ganesh | E34: Nagerkovil | F34: 1 | G34: 1 | J34: 1 | R34: 1 | AR34: 1 | AS34: 2 | AT34: 1 | BE34: 1 | BM34: 1 | CR34: {=SUMPRODUCT($G$4:$CQ$4,G34:CQ34)} -> 2581
A35: 30 | B35: Viji | C35: Mahalakshmi | D35: Anantha | E35: Pammam | F35: 1 | S35: 1 | AE35: 1 | AU35: 1 | AX35: 1 | BC35: 1 | BU35: 1 | CC35: 1 | CI35: 1 | CJ35: 1 | CR35: {=SUMPRODUCT($G$4:$CQ$4,G35:CQ35)} -> 2016
A36: 31 | B36: Viji | C36: Dhanyarani | D36: Varaity | E36: Kaliyakkavilai | F36: 1 | N36: 2 | U36: 1 | AJ36: 1 | AO36: 1 | AT36: 1 | AV36: 1 | AW36: 2 | BB36: 1 | BY36: 1 | CR36: {=SUMPRODUCT($G$4:$CQ$4,G36:CQ36)} -> 2499
A37: 32 | B37: Viji | C37: Girija | D37: Louis | E37: Karunkal | F37: 1 | M37: 1 | Z37: 1 | AV37: 2 | CR37: {=SUMPRODUCT($G$4:$CQ$4,G37:CQ37)} -> 780
A38: 33 | B38: Viji | C38: Girija | D38: Harris | E38: karungal | CR38: {=SUMPRODUCT($G$4:$CQ$4,G38:CQ38)} -> 0
A39: 34 | B39: Viji | D39: Ramasamy | E39: colochal | CR39: {=SUMPRODUCT($G$4:$CQ$4,G39:CQ39)} -> 0
A40: 35 | B40: Viji | C40: Vinoja | D40: One Shop | E40: Marthandam | F40: 1 | Z40: 1 | AB40: 1 | AE40: 1 | AQ40: 1 | AW40: 1 | CR40: {=SUMPRODUCT($G$4:$CQ$4,G40:CQ40)} -> 1110
A41: 36 | B41: Viji | C41: vanitha | D41: Akn | E41: Marthandam | CR41: {=SUMPRODUCT($G$4:$CQ$4,G41:CQ41)} -> 0
A42: 37 | B42: Viji | D42: Robins Hypermarket | E42: Singanallur | CR42: {=SUMPRODUCT($G$4:$CQ$4,G42:CQ42)} -> 0
A43: 38 | B43: Viji | C43: Lakshmi Priya | D43: MS Shopping | E43: Townhall | F43: 1 | U43: 1 | CR43: {=SUMPRODUCT($G$4:$CQ$4,G43:CQ43)} -> 150
A44: 39 | B44: Viji | C44: Gunasundari Saravanan | D44: Thulir | E44: Mettupalayam | F44: 1 | P44: 1 | S44: 1 | AA44: 1 | AM44: 1 | BD44: 1 | CR44: {=SUMPRODUCT($G$4:$CQ$4,G44:CQ44)} -> 1507
A45: 40 | B45: Viji | D45: Arthi | E45: Mettupalayam | CR45: {=SUMPRODUCT($G$4:$CQ$4,G45:CQ45)} -> 0
A46: 41 | B46: Viji | C46: Premavathi | D46: Arthi | E46: Vadavalli | F46: 1 | O46: 1 | AA46: 1 | AY46: 1 | BM46: 1 | CR46: {=SUMPRODUCT($G$4:$CQ$4,G46:CQ46)} -> 1093
A47: 42 | B47: Viji | C47: riganaparveen | D47: day2day | E47: kovaipudur | CR47: {=SUMPRODUCT($G$4:$CQ$4,G47:CQ47)} -> 0
A48: 43 | B48: Viji | C48: Sugusk | D48: Rengas | E48: Coimbatore | F48: 1 | AG48: 1 | AL48: 1 | CR48: {=SUMPRODUCT($G$4:$CQ$4,G48:CQ48)} -> 690
A49: 44 | B49: Viji | C49: Kartheeshwari | D49: SGS Super Market | E49: Coimbatore | F49: 1 | H49: 1 | Q49: 1 | AC49: 1 | AJ49: 1 | AV49: 1 | BE49: 1 | BY49: 1 | CR49: {=SUMPRODUCT($G$4:$CQ$4,G49:CQ49)} -> 1852
A50: 45 | B50: Vimal | C50: Ammu | D50: Ready basket | E50: Chennai | F50: 1 | M50: 2 | R50: 1 | S50: 2 | T50: 1 | AJ50: 1 | AK50: 2 | AL50: 1 | AS50: 2 | BM50: 2 | CI50: 2 | CJ50: 1 | CR50: {=SUMPRODUCT($G$4:$CQ$4,G50:CQ50)} -> 4320
A51: 46 | B51: Vimal | C51: Karthika | D51: pandian fancy | E51: Chennai | F51: 1 | N51: 3 | Q51: 1 | CJ51: 3 | CR51: {=SUMPRODUCT($G$4:$CQ$4,G51:CQ51)} -> 1750
A52: 47 | B52: Vimal | C52: B.Sumithra | D52: New Pandian | E52: T.nagar | F52: 1 | G52: 1 | K52: 1 | L52: 1 | Q52: 1 | U52: 2 | V52: 1 | Z52: 1 | AH52: 4 | AQ52: 2 | AY52: 1 | CR52: {=SUMPRODUCT($G$4:$CQ$4,G52:CQ52)} -> 3418
A53: 48 | B53: Vimal | D53: GIRI | E53: Thabaram | CR53: {=SUMPRODUCT($G$4:$CQ$4,G53:CQ53)} -> 0
A54: 49 | B54: Vimal | D54: Giri | E54: Tnagar | CR54: {=SUMPRODUCT($G$4:$CQ$4,G54:CQ54)} -> 0
A55: 50 | B55: Vimal | D55: Giri | E55: Pallikaranai | CR55: {=SUMPRODUCT($G$4:$CQ$4,G55:CQ55)} -> 0
A56: 51 | B56: Vimal | D56: GIRI | E56: Nanganallur | CR56: {=SUMPRODUCT($G$4:$CQ$4,G56:CQ56)} -> 0
A57: 52 | B57: Vimal | C57: megala | D57: Green Fresh | E57: Tambaram | F57: 1 | O57: 1 | AM57: 1 | CI57: 2 | CJ57: 2 | CR57: {=SUMPRODUCT($G$4:$CQ$4,G57:CQ57)} -> 1657
A58: 53 | B58: Vimal | C58: megala | D58: Rajan Departmental Store | E58: Tambaram | CR58: {=SUMPRODUCT($G$4:$CQ$4,G58:CQ58)} -> 0
A59: 54 | B59: Vimal | C59: megala | D59: Ram Dev | E59: Gunduvanchery | CR59: {=SUMPRODUCT($G$4:$CQ$4,G59:CQ59)} -> 0
A60: 55 | B60: Vimal | C60: Devi | D60: Sun Super market | E60: Madurangam | CR60: {=SUMPRODUCT($G$4:$CQ$4,G60:CQ60)} -> 0
A61: 56 | B61: Vimal | C61: Devi | D61: Sri murugan | E61: Madurangam | F61: 1 | M61: 1 | P61: 1 | R61: 1 | U61: 1 | AA61: 2 | AE61: 1 | AL61: 1 | AN61: 1 | CR61: {=SUMPRODUCT($G$4:$CQ$4,G61:CQ61)} -> 2708
A62: 57 | B62: Vimal | D62: Giri | E62: Chinthamani | CR62: {=SUMPRODUCT($G$4:$CQ$4,G62:CQ62)} -> 0
A63: 58 | B63: Vimal | D63: Giri | E63: Annanagar | CR63: {=SUMPRODUCT($G$4:$CQ$4,G63:CQ63)} -> 0
A64: 59 | B64: Vimal | C64: Sai Lakshmi | D64: vairam Store | E64: Tnagar | CR64: {=SUMPRODUCT($G$4:$CQ$4,G64:CQ64)} -> 0
A65: 60 | B65: Vimal | C65: Revathi E | D65: vv mart | E65: Nanganallur | CR65: {=SUMPRODUCT($G$4:$CQ$4,G65:CQ65)} -> 0
A66: 61 | B66: Vimal | D66: vv mart | E66: sembakkam | CR66: {=SUMPRODUCT($G$4:$CQ$4,G66:CQ66)} -> 0
A67: 62 | B67: Vimal | D67: Blessing | E67: Tambaram | CR67: {=SUMPRODUCT($G$4:$CQ$4,G67:CQ67)} -> 0
A68: 63 | B68: yashmeen banu | C68: Saranya | D68: A.one | E68: Sivagangai | F68: 1 | H68: 1 | J68: 1 | N68: 1 | O68: 2 | S68: 1 | AB68: 1 | AD68: 1 | AF68: 1 | AK68: 1 | AS68: 1 | BC68: 2 | BI68: 1 | BJ68: 2 | CJ68: 1 | CQ68: 1 | CR68: {=SUMPRODUCT($G$4:$CQ$4,G68:CQ68)} -> 5129
A69: 64 | B69: yashmeen banu | C69: Kavitha | D69: Orange super market | E69: Paramakudi | F69: 1 | BD69: 1 | BK69: 1 | BL69: 1 | BN69: 1 | CA69: 1 | CI69: 3 | CR69: {=SUMPRODUCT($G$4:$CQ$4,G69:CQ69)} -> 1299
A70: 65 | B70: yashmeen banu | C70: parsath | D70: Vanavil | E70: Devakottai | CR70: {=SUMPRODUCT($G$4:$CQ$4,G70:CQ70)} -> 0
A71: 66 | B71: yashmeen banu | C71: pandiselvi | D71: natraj super market | E71: thirumangalam | F71: 1 | Y71: 2 | Z71: 2 | AB71: 2 | AC71: 1 | AD71: 2 | CR71: {=SUMPRODUCT($G$4:$CQ$4,G71:CQ71)} -> 1890
A72: 67 | B72: yashmeen banu | C72: divya | D72: alfaritha | E72: ramnad | CR72: {=SUMPRODUCT($G$4:$CQ$4,G72:CQ72)} -> 0
A73: 68 | B73: yashmeen banu | C73: Lakshmi | D73: Anantham super market | E73: theni | CR73: {=SUMPRODUCT($G$4:$CQ$4,G73:CQ73)} -> 0
A74: 69 | B74: yashmeen banu | C74: Anjukam | D74: Elaki shoppin mall | E74: Ramnad | CR74: {=SUMPRODUCT($G$4:$CQ$4,G74:CQ74)} -> 0
A75: 70 | B75: yashmeen banu | C75: Muthumari | D75: ESHA | E75: Virudhunagar | CR75: {=SUMPRODUCT($G$4:$CQ$4,G75:CQ75)} -> 0
A76: 71 | B76: yashmeen banu | C76: Muthumari | D76: paramiltry canteen | E76: viruthunagar | F76: 1 | AA76: 2 | BM76: 1 | BW76: 1 | CQ76: 2 | CR76: {=SUMPRODUCT($G$4:$CQ$4,G76:CQ76)} -> 1296
A77: 72 | B77: yashmeen banu | C77: Ellammal | D77: Thirumalai Super MArket | E77: Thirumangalam | F77: 1 | M77: 1 | AA77: 1 | AJ77: 1 | AW77: 1 | CR77: {=SUMPRODUCT($G$4:$CQ$4,G77:CQ77)} -> 1071
A78: 73 | B78: yashmeen banu | C78: Ellammal | D78: Thirumalai department | E78: thirumangalam | CR78: {=SUMPRODUCT($G$4:$CQ$4,G78:CQ78)} -> 0
A79: 74 | B79: yashmeen banu | C79: Arthi | D79: Almass super market | E79: Devakottai | CR79: {=SUMPRODUCT($G$4:$CQ$4,G79:CQ79)} -> 0
A80: 75 | B80: yashmeen banu | C80: Nandhini | D80: Udhayam | E80: Thirupattur | F80: 1 | L80: 1 | N80: 1 | U80: 1 | AB80: 1 | AC80: 2 | AE80: 1 | AH80: 1 | AS80: 2 | CE80: 1 | CR80: {=SUMPRODUCT($G$4:$CQ$4,G80:CQ80)} -> 2793
A81: 76 | B81: yashmeen banu | C81: Pakkiya | D81: Karuvapillai SM | E81: thirumangalam | F81: 1 | AD81: 1 | AE81: 1 | AK81: 1 | AQ81: 1 | CR81: {=SUMPRODUCT($G$4:$CQ$4,G81:CQ81)} -> 810
A82: 77 | B82: yashmeen banu | C82: Elakkiya | D82: Koyambedu SM | E82: Ramnad | CR82: {=SUMPRODUCT($G$4:$CQ$4,G82:CQ82)} -> 0
A83: 78 | B83: yashmeen banu | C83: Uma Devi | D83: Rathinam SM | E83: Usilampatti | F83: 1 | Q83: 1 | R83: 1 | U83: 1 | X83: 1 | Z83: 1 | AB83: 2 | AD83: 1 | AR83: 1 | CR83: {=SUMPRODUCT($G$4:$CQ$4,G83:CQ83)} -> 2507
A84: 78 | B84: yashmeen banu | C84: Sankareshwari S | D84: Gupta Cosmetics | E84: Kilakkuvasal | F84: 1 | L84: 1 | N84: 1 | U84: 1 | AD84: 1 | AQ84: 1 | CR84: {=SUMPRODUCT($G$4:$CQ$4,G84:CQ84)} -> 912
A85: 79 | B85: vennila | C85: kousalya | D85: bsf canteen | E85: katpadi | F85: 1 | R85: 1 | W85: 1 | AJ85: 1 | AQ85: 2 | AW85: 2 | BQ85: 1 | CR85: {=SUMPRODUCT($G$4:$CQ$4,G85:CQ85)} -> 2074
A86: 80 | B86: vennila | C86: sharmila | D86: paneer super market 3 | E86: Tiruvannamalai | CR86: {=SUMPRODUCT($G$4:$CQ$4,G86:CQ86)} -> 0
A87: 81 | B87: vennila | C87: santhiya | D87: new poombuhar | E87: vengikal | CR87: {=SUMPRODUCT($G$4:$CQ$4,G87:CQ87)} -> 0
A88: 82 | B88: vennila | C88: Anbarasi | D88: sri ranga | E88: gingee | CR88: {=SUMPRODUCT($G$4:$CQ$4,G88:CQ88)} -> 0
A89: 83 | B89: vennila | C89: vidya | D89: vadamalai | E89: tirupattur | F89: 1 | P89: 1 | R89: 1 | W89: 3 | AN89: 1 | AS89: 1 | CE89: 1 | CR89: {=SUMPRODUCT($G$4:$CQ$4,G89:CQ89)} -> 2582
A90: 84 | B90: vennila | C90: Bhuvaneswari | D90: PANEER 2 | E90: Tiruvannamalai | CR90: {=SUMPRODUCT($G$4:$CQ$4,G90:CQ90)} -> 0
A91: 85 | B91: vennila | C91: Tamilarasi | D91: vasavi | E91: vandavasi | F91: 1 | AA91: 1 | AB91: 1 | AQ91: 1 | AX91: 1 | CR91: {=SUMPRODUCT($G$4:$CQ$4,G91:CQ91)} -> 924
A92: 86 | B92: vennila | C92: Punitha D | D92: sri balaji | E92: gingee | F92: 1 | U92: 1 | AM92: 1 | CR92: {=SUMPRODUCT($G$4:$CQ$4,G92:CQ92)} -> 420
A93: 86 | B93: vennila | C93: Anitha | D93: Pothys | E93: Pondicherry | CR93: {=SUMPRODUCT($G$4:$CQ$4,G93:CQ93)} -> 0
A94: 87 | B94: Anmary | C94: Mathavi | D94: Janapriya | E94: pudukottai | F94: 1 | M94: 2 | N94: 3 | AC94: 1 | AD94: 1 | BK94: 1 | BM94: 2 | BN94: 1 | CO94: 1 | CR94: {=SUMPRODUCT($G$4:$CQ$4,G94:CQ94)} -> 1845
A95: 88 | B95: Anmary | C95: Ramya | D95: National shopping | E95: Kumbankonam | F95: 1 | AN95: 1 | AV95: 1 | AW95: 1 | CP95: 1 | CR95: {=SUMPRODUCT($G$4:$CQ$4,G95:CQ95)} -> 1194
A96: 89 | B96: Anmary | D96: National SM | E96: Ponnamaravathi | CR96: {=SUMPRODUCT($G$4:$CQ$4,G96:CQ96)} -> 0
A97: 90 | B97: Anmary | D97: Kurinji Max | E97: Kumbankonam | CR97: {=SUMPRODUCT($G$4:$CQ$4,G97:CQ97)} -> 0
A98: 91 | B98: Anmary | C98: Rajmeena | D98: Balaji super store | E98: usilampatti | CR98: {=SUMPRODUCT($G$4:$CQ$4,G98:CQ98)} -> 0
A99: 91 | B99: Anmary | C99: Jancy | D99: Keerthi Super Market | E99: Vedasandhur | F99: 1 | J99: 1 | R99: 1 | W99: 2 | Y99: 1 | Z99: 1 | AB99: 1 | AE99: 1 | AQ99: 1 | CR99: {=SUMPRODUCT($G$4:$CQ$4,G99:CQ99)} -> 2059
A100: 91 | B100: Anmary | C100: Bhanupriya | D100: SVR Super Market | E100: Dindigul | CR100: {=SUMPRODUCT($G$4:$CQ$4,G100:CQ100)} -> 0
...

Sheet 2
A1: BA DAILY SALES DETAILS
G2: NEW PRODUCTS | AY2: OLD PRODUCTS | CR2: VALUE IN MRP
A3: S.NO | B3: SUPERVISORS | C3: BA NAME | D3: OUTLET NAME | E3: TOWN | F3: Present | G3: FACE CARE | V3: BODY CARE | AH3: HAIR CARE | AT3: PERSONAL CARE | AY3: FACE CARE | BN3: BODY CARE | BZ3: HAIR CARE | CL3: PERSONAL CARE
G4: 330 | H4: 195 | I4: 330 | J4: 195 | K4: 195 | L4: 294 | M4: 177 | N4: 123 | O4: 499 | P4: 499 | Q4: 499 | R4: 499 | S4: 249 | T4: 299 | U4: 150 | V4: 195 | W4: 195 | X4: 195 | Y4: 195 | Z4: 195 | AA4: 294 | AB4: 240 | AC4: 240 | AD4: 195 | AE4: 195 | AF4: 195 | AG4: 420 | AH4: 222 | AI4: 195 | AJ4: 270 | AK4: 270 | AL4: 270 | AM4: 270 | AN4: 330 | AO4: 330 | AP4: 330 | AQ4: 150 | AR4: 294 | AS4: 420 | AT4: 195 | AU4: 294 | AV4: 204 | AW4: 330 | AX4: 240 | AY4: 222 | AZ4: 150 | BA4: 222 | BB4: 150 | BC4: 150 | BD4: 195 | BE4: 150 | BF4: 78 | BG4: 420 | BH4: 420 | BI4: 375 | BJ4: 420 | BK4: 177 | BL4: 177 | BM4: 78 | BN4: 150 | BO4: 150 | BP4: 150 | BQ4: 150 | BR4: 150 | BS4: 240 | BT4: 195 | BU4: 195 | BV4: 150 | BW4: 150 | BX4: 150 | BY4: 294 | BZ4: 150 | CA4: 150 | CB4: 249 | CC4: 249 | CD4: 249 | CE4: 249 | CF4: 330 | CG4: 330 | CH4: 330 | CI4: 150 | CJ4: 294 | CK4: 294 | CL4: 300 | CM4: 195 | CN4: 294 | CO4: 204 | CP4: 330 | CQ4: 240
G5: Gold Facial | H5: Face Wash | I5: Hibiscus Powder | J5: Nalangu Powder | K5: Orange Peel | L5: Rose petals | M5: Kasthuri Manjal | N5: Multani Mitti | O5: Vitamin C Serum | P5: Saffron Serum | Q5: Vitamin C Cream | R5: Saffron Cream | S5: Aleovera Gel (W) | T5: Aleovera Gel (G) | U5: Rose Mist | V5: Pungam Oil Soap | W5: Mahua Oil Soap | X5: Coconut Oil Soap | Y5: Six Oil Soap | Z5: Papaya Soap | AA5: Milk Saffron Soap | AB5: Manjistha Soap | AC5: Vitamin C Soap | AD5: Goat Milk Soap | AE5: Charcoal Soap | AF5: Herbal Soap | AG5: Gold Soap | AH5: Henna Powder | AI5: Hair Wash Powder | AJ5: Rosemary Shampoo | AK5: Onion Shampoo | AL5: Bhringraj Shampoo | AM5: Flaxseed Shampoo | AN5: Flaxseed Conditioner | AO5: Rosemery Conditioner | AP5: Bhringraj Conditioner | AQ5: Hair Color (10g) | AR5: Hair Color (20g) | AS5: Hibiscus Hair Oil | AT5: Napkin L6 | AU5: Napkin L12 | AV5: Napkin XL6 | AW5: Napkin XL12 | AX5: Napkin XXL6 | AY5: Gold Facial | AZ5: Face Wash | BA5: Hibiscus Powder | BB5: Nalangu Powder | BC5: Orange Peel | BD5: Rose petals | BE5: Kasthuri Manjal | BF5: Multani Mitti | BG5: Vitamin C Serum | BH5: Saffron Serum | BI5: Vitamin C Cream | BJ5: Saffron Cream | BK5: Aleovera Gel (W) | BL5: Aleovera Gel (G) | BM5: Rose Mist | BN5: Pungam Oil Soap | BO5: Mahua Oil Soap | BP5: Coconut Oil Soap | BQ5: Six Oil Soap | BR5: Papaya Soap | BS5: Milk Saffron Soap | BT5: Manjistha Soap | BU5: Vitamin C Soap | BV5: Goat Milk Soap | BW5: Charcoal Soap | BX5: Herbal Soap | BY5: Gold Soap | BZ5: Henna Powder | CA5: Hair Wash Powder | CB5: Rosemary Shampoo | CC5: Onion Shampoo | CD5: Bhringraj Shampoo | CE5: Flaxseed Shampoo | CF5: Flaxseed Conditioner | CG5: Rosemery Conditioner | CH5: Bhringraj Conditioner | CI5: Hair Color (10g) | CJ5: Hair Color (20g) | CK5: Hibiscus Hair Oil | CL5: Secure 320 mm | CM5: Napkin L6 | CN5: Napkin L12 | CO5: Napkin XL6 | CP5: Napkin XL12 | CQ5: Napkin XXL6
A6: 1 | B6: Muthumari | C6: Veilaiyeeammal | D6: Refresh | E6: Sankarankovil | F6: 1 | J6: 1 | M6: 2 | Q6: 1 | S6: 1 | V6: 1 | W6: 2 | AC6: 1 | AD6: 4 | AG6: 1 | AJ6: 1 | AL6: 3 | AP6: 1 | AQ6: 1 | AV6: 1 | AW6: 2 | AX6: 1 | CM6: 1 | CR6: {=SUMPRODUCT($G$4:$CQ$4,G6:CQ6)} -> 6181
A7: 2 | B7: Muthumari | C7: Mageswari D | D7: Joncy super mart | E7: Sivakasi | F7: 1 | AB7: 3 | AD7: 1 | AG7: 4 | AL7: 1 | AQ7: 3 | AS7: 1 | AT7: 1 | CR7: {=SUMPRODUCT($G$4:$CQ$4,G7:CQ7)} -> 3930
A8: 3 | B8: Muthumari | C8: Maheswari P | D8: Ndr super market | E8: Rajapalayam | F8: 1 | J8: 1 | AE8: 1 | AK8: 1 | AL8: 1 | AQ8: 2 | AW8: 2 | AY8: 1 | CR8: {=SUMPRODUCT($G$4:$CQ$4,G8:CQ8)} -> 2112
A9: 4 | B9: Muthumari | C9: lakshmi prabha | D9: Joncy mart | E9: Sivakasi | F9: 1 | M9: 1 | R9: 1 | AA9: 2 | AB9: 3 | AD9: 1 | AL9: 2 | AM9: 1 | AQ9: 2 | AS9: 1 | AW9: 1 | AZ9: 1 | CR9: {=SUMPRODUCT($G$4:$CQ$4,G9:CQ9)} -> 4189
A10: 5 | B10: Muthumari | C10: Muthumari M | D10: Mario super market | E10: Rajapalayam | F10: 1 | P10: 1 | U10: 1 | Z10: 1 | AD10: 2 | AE10: 1 | AJ10: 1 | AK10: 1 | AS10: 1 | CE10: 1 | CI10: 1 | CR10: {=SUMPRODUCT($G$4:$CQ$4,G10:CQ10)} -> 2788
A11: 6 | B11: Muthumari | C11: Latha | D11: New balaji | E11: Sivakasi | F11: 1 | M11: 1 | O11: 1 | Q11: 3 | AC11: 1 | AD11: 2 | AG11: 1 | AN11: 1 | AQ11: 1 | BO11: 1 | CR11: {=SUMPRODUCT($G$4:$CQ$4,G11:CQ11)} -> 3853
A12: 7 | B12: Muthumari | C12: Kaliswari S | D12: Tamilnadu super market | E12: Rajapalayam | F12: 1 | M12: 1 | W12: 1 | Z12: 1 | AB12: 1 | AD12: 1 | AK12: 1 | AL12: 1 | AQ12: 2 | AX12: 1 | CR12: {=SUMPRODUCT($G$4:$CQ$4,G12:CQ12)} -> 2082
A13: 8 | B13: Muthumari | C13: bahavathi | D13: Jass Super market | E13: Srivilliputhur | F13: 1 | Y13: 1 | AC13: 1 | AD13: 1 | AQ13: 2 | AS13: 2 | BO13: 1 | CO13: 1 | CR13: {=SUMPRODUCT($G$4:$CQ$4,G13:CQ13)} -> 2124
A14: 9 | B14: Muthumari | C14: Kala | D14: AkM Super Market | E14: Puliankudi | F14: 1 | R14: 2 | V14: 1 | AA14: 1 | AB14: 1 | AD14: 1 | AS14: 1 | CR14: {=SUMPRODUCT($G$4:$CQ$4,G14:CQ14)} -> 2342
A15: 10 | B15: Muthumari | C15: Jeyalakshmi | D15: B Cart | E15: Sivakasi | CR15: {=SUMPRODUCT($G$4:$CQ$4,G15:CQ15)} -> 0
A16: 11 | B16: Muthumari | C16: Selvi | D16: Ambika | E16: Senkottai | CR16: {=SUMPRODUCT($G$4:$CQ$4,G16:CQ16)} -> 0
A17: 12 | B17: Muthumari | C17: Sathya | D17: Velayuthannadar | E17: Surandai | F17: 1 | AC17: 2 | AD17: 1 | AK17: 1 | AS17: 1 | CO17: 1 | CR17: {=SUMPRODUCT($G$4:$CQ$4,G17:CQ17)} -> 1569
A18: 13 | B18: Esakkiammal | C18: karthigai | D18: Kumar | E18: kovil | F18: 1 | U18: 1 | AJ18: 1 | AK18: 1 | AV18: 1 | AW18: 2 | BH18: 1 | BR18: 1 | CI18: 1 | CR18: {=SUMPRODUCT($G$4:$CQ$4,G18:CQ18)} -> 2274
A19: 14 | B19: Esakkiammal | C19: valliammal | D19: Balaji super market | E19: Sattur | F19: 1 | M19: 2 | N19: 1 | O19: 1 | S19: 2 | AC19: 1 | AE19: 2 | AJ19: 1 | AO19: 1 | AQ19: 2 | BO19: 1 | CR19: {=SUMPRODUCT($G$4:$CQ$4,G19:CQ19)} -> 3154
A20: 15 | B20: Esakkiammal | C20: Revathi | D20: Aryaas super market | E20: Tirunelveli | F20: 1 | H20: 1 | J20: 1 | AB20: 1 | AE20: 1 | AJ20: 1 | AS20: 2 | AV20: 1 | AW20: 1 | AX20: 3 | CR20: {=SUMPRODUCT($G$4:$CQ$4,G20:CQ20)} -> 3189
A21: 16 | B21: Esakkiammal | C21: esakkiammal | D21: Ganesh | E21: Tirunelveli | CR21: {=SUMPRODUCT($G$4:$CQ$4,G21:CQ21)} -> 0
A22: 17 | B22: Esakkiammal | C22: Vasantha S | D22: V.S.R | E22: Thisayanvilai | F22: 1 | G22: 1 | M22: 1 | P22: 1 | S22: 1 | V22: 1 | AA22: 1 | AC22: 4 | AE22: 1 | AJ22: 1 | AV22: 1 | AX22: 1 | BO22: 1 | CI22: 1 | CR22: {=SUMPRODUCT($G$4:$CQ$4,G22:CQ22)} -> 3913
A23: 18 | B23: Esakkiammal | C23: Mahalakshmi | D23: Pothys | E23: Tirunelveli | F23: 1 | H23: 1 | J23: 2 | L23: 1 | P23: 2 | R23: 4 | S23: 1 | Z23: 6 | AB23: 1 | AC23: 1 | AH23: 1 | AI23: 2 | AJ23: 1 | AL23: 1 | AM23: 1 | AS23: 1 | AX23: 1 | CR23: {=SUMPRODUCT($G$4:$CQ$4,G23:CQ23)} -> 7854
A24: 19 | B24: Esakkiammal | D24: Nachiyar | E24: Tirunelveli | F24: 1 | M24: 1 | N24: 1 | AK24: 1 | AL24: 1 | AQ24: 4 | AR24: 2 | AS24: 1 | AW24: 1 | CG24: 1 | CR24: {=SUMPRODUCT($G$4:$CQ$4,G24:CQ24)} -> 3108
A25: 20 | B25: Esakkiammal | C25: Nagalakshmi | D25: BSF CANTEEN | E25: Tirunelveli | CR25: {=SUMPRODUCT($G$4:$CQ$4,G25:CQ25)} -> 0
A26: 21 | B26: Esakkiammal | D26: Samuel super market | E26: Eral | CR26: {=SUMPRODUCT($G$4:$CQ$4,G26:CQ26)} -> 0
A27: 22 | B27: Esakkiammal | C27: Rooth mari | D27: Abu hanifa store | E27: Tirunelveli | F27: 1 | J27: 2 | M27: 1 | N27: 1 | U27: 1 | AF27: 1 | AR27: 1 | AW27: 1 | BL27: 2 | CR27: {=SUMPRODUCT($G$4:$CQ$4,G27:CQ27)} -> 2013
A28: 23 | B28: Esakkiammal | D28: Ayya supermarket | E28: chettikulam | F28: 1 | M28: 1 | Q28: 1 | S28: 1 | W28: 1 | AL28: 1 | AQ28: 2 | BG28: 1 | CR28: {=SUMPRODUCT($G$4:$CQ$4,G28:CQ28)} -> 2110
A29: 24 | B29: Esakkiammal | C29: Kumaradevi | D29: Five star Supermarket | E29: kallidaikurichi | F29: 1 | Z29: 1 | AS29: 1 | CE29: 1 | CR29: {=SUMPRODUCT($G$4:$CQ$4,G29:CQ29)} -> 864
A30: 25 | B30: Esakkiammal | C30: Remove Shop | D30: Jaya super market | E30: panankudi | CR30: {=SUMPRODUCT($G$4:$CQ$4,G30:CQ30)} -> 0
A31: 26 | B31: Esakkiammal | D31: Anita Super Market | E31: Tirunelveli | CR31: {=SUMPRODUCT($G$4:$CQ$4,G31:CQ31)} -> 0
A32: 27 | B32: Esakkiammal | D32: Sathiya Super Market | E32: Kovilpatti | CR32: {=SUMPRODUCT($G$4:$CQ$4,G32:CQ32)} -> 0
A33: 28 | B33: Viji | C33: Ajitha | D33: Pothys | E33: Nagerkovil | F33: 1 | G33: 2 | J33: 1 | M33: 1 | Q33: 1 | S33: 2 | V33: 1 | AE33: 2 | AR33: 1 | AS33: 1 | BW33: 2 | CR33: {=SUMPRODUCT($G$4:$CQ$4,G33:CQ33)} -> 3628
A34: 29 | B34: Viji | C34: Bindhu | D34: Ganesh | E34: Nagerkovil | F34: 1 | G34: 1 | J34: 3 | R34: 1 | AK34: 2 | AQ34: 2 | AS34: 1 | AV34: 2 | BN34: 1 | BR34: 1 | CR34: {=SUMPRODUCT($G$4:$CQ$4,G34:CQ34)} -> 3382
A35: 30 | B35: Viji | C35: Mahalakshmi | D35: Anantha | E35: Pammam | F35: 1 | M35: 1 | O35: 1 | Q35: 1 | AD35: 2 | AJ35: 1 | AU35: 1 | AX35: 3 | CI35: 1 | CR35: {=SUMPRODUCT($G$4:$CQ$4,G35:CQ35)} -> 2999
A36: 31 | B36: Viji | C36: Dhanyarani | D36: Varaity | E36: Kaliyakkavilai | F36: 1 | N36: 2 | Y36: 2 | AD36: 1 | AK36: 1 | AQ36: 1 | AU36: 1 | AV36: 3 | AW36: 3 | CR36: {=SUMPRODUCT($G$4:$CQ$4,G36:CQ36)} -> 3147
A37: 32 | B37: Viji | C37: Girija | D37: Louis | E37: Karunkal | F37: 1 | G37: 1 | K37: 1 | R37: 1 | U37: 1 | V37: 2 | AA37: 1 | AE37: 1 | CR37: {=SUMPRODUCT($G$4:$CQ$4,G37:CQ37)} -> 2053
A38: 33 | B38: Viji | C38: Girija | D38: Harris | E38: karungal | CR38: {=SUMPRODUCT($G$4:$CQ$4,G38:CQ38)} -> 0
A39: 34 | B39: Viji | D39: Ramasamy | E39: colochal | CR39: {=SUMPRODUCT($G$4:$CQ$4,G39:CQ39)} -> 0
A40: 35 | B40: Viji | C40: Vinoja | D40: One Shop | E40: Marthandam | F40: 1 | G40: 1 | T40: 2 | U40: 1 | Z40: 2 | AA40: 2 | AF40: 1 | AJ40: 1 | AO40: 1 | AU40: H | CR40: {=SUMPRODUCT($G$4:$CQ$4,G40:CQ40)} -> 2851
A41: 36 | B41: Viji | C41: vanitha | D41: Akn | E41: Marthandam | CR41: {=SUMPRODUCT($G$4:$CQ$4,G41:CQ41)} -> 0
A42: 37 | B42: Viji | D42: Robins Hypermarket | E42: Singanallur | CR42: {=SUMPRODUCT($G$4:$CQ$4,G42:CQ42)} -> 0
A43: 38 | B43: Viji | C43: Lakshmi Priya | D43: MS Shopping | E43: Townhall | F43: 1 | CF43: 1 | CR43: {=SUMPRODUCT($G$4:$CQ$4,G43:CQ43)} -> 330
A44: 39 | B44: Viji | C44: Gunasundari Saravanan | D44: Thulir | E44: Mettupalayam | CR44: {=SUMPRODUCT($G$4:$CQ$4,G44:CQ44)} -> 0
A45: 40 | B45: Viji | D45: Arthi | E45: Mettupalayam | CR45: {=SUMPRODUCT($G$4:$CQ$4,G45:CQ45)} -> 0
A46: 41 | B46: Viji | C46: Premavathi | D46: Arthi | E46: Vadavalli | F46: 1 | AU46: 1 | BW46: 1 | CR46: {=SUMPRODUCT($G$4:$CQ$4,G46:CQ46)} -> 444
A47: 42 | B47: Viji | C47: riganaparveen | D47: day2day | E47: kovaipudur | CR47: {=SUMPRODUCT($G$4:$CQ$4,G47:CQ47)} -> 0
A48: 43 | B48: Viji | C48: Sugusk | D48: Rengas | E48: Coimbatore | F48: 1 | AG48: 1 | AL48: 1 | CR48: {=SUMPRODUCT($G$4:$CQ$4,G48:CQ48)} -> 690
A49: 44 | B49: Viji | C49: Kartheeshwari | D49: SGS Super Market | E49: Coimbatore | F49: 1 | G49: 1 | H49: 1 | N49: 1 | R49: 2 | U49: 1 | AA49: 3 | AJ49: 1 | AO49: 1 | AQ49: 1 | AR49: 1 | AW49: 1 | BS49: 1 | CR49: {=SUMPRODUCT($G$4:$CQ$4,G49:CQ49)} -> 4292
A50: 45 | B50: Vimal | C50: Ammu | D50: Ready basket | E50: Chennai | F50: 1 | H50: 1 | S50: 1 | T50: 1 | Z50: 2 | AA50: 1 | AC50: 2 | AJ50: 1 | BR50: 2 | CI50: 2 | CJ50: 1 | CR50: {=SUMPRODUCT($G$4:$CQ$4,G50:CQ50)} -> 3071
A51: 46 | B51: Vimal | C51: Karthika | D51: pandian fancy | E51: Chennai | F51: 1 | N51: 4 | BU51: 2 | CJ51: 4 | CR51: {=SUMPRODUCT($G$4:$CQ$4,G51:CQ51)} -> 2058
A52: 47 | B52: Vimal | C52: B.Sumithra | D52: New Pandian | E52: T.nagar | F52: 1 | J52: 2 | L52: 1 | O52: 1 | R52: 2 | S52: 1 | U52: 1 | Z52: 1 | AQ52: 2 | AR52: 1 | CR52: {=SUMPRODUCT($G$4:$CQ$4,G52:CQ52)} -> 3369
A53: 48 | B53: Vimal | D53: GIRI | E53: Thabaram | CR53: {=SUMPRODUCT($G$4:$CQ$4,G53:CQ53)} -> 0
A54: 49 | B54: Vimal | D54: Giri | E54: Tnagar | CR54: {=SUMPRODUCT($G$4:$CQ$4,G54:CQ54)} -> 0
A55: 50 | B55: Vimal | D55: Giri | E55: Pallikaranai | CR55: {=SUMPRODUCT($G$4:$CQ$4,G55:CQ55)} -> 0
A56: 51 | B56: Vimal | D56: GIRI | E56: Nanganallur | CR56: {=SUMPRODUCT($G$4:$CQ$4,G56:CQ56)} -> 0
A57: 52 | B57: Vimal | C57: megala | D57: Green Fresh | E57: Tambaram | CR57: {=SUMPRODUCT($G$4:$CQ$4,G57:CQ57)} -> 0
A58: 53 | B58: Vimal | C58: megala | D58: Rajan Departmental Store | E58: Tambaram | CR58: {=SUMPRODUCT($G$4:$CQ$4,G58:CQ58)} -> 0
A59: 54 | B59: Vimal | C59: megala | D59: Ram Dev | E59: Gunduvanchery | F59: 1 | O59: 1 | P59: 1 | Q59: 1 | AB59: 1 | CI59: 2 | CR59: {=SUMPRODUCT($G$4:$CQ$4,G59:CQ59)} -> 2037
A60: 55 | B60: Vimal | C60: Devi | D60: Sun Super market | E60: Madurangam | CR60: {=SUMPRODUCT($G$4:$CQ$4,G60:CQ60)} -> 0
A61: 56 | B61: Vimal | C61: Devi | D61: Sri murugan | E61: Madurangam | F61: 1 | M61: 1 | N61: 1 | P61: 1 | S61: 1 | V61: 1 | AA61: 2 | AD61: 1 | AL61: 1 | AU61: 1 | AW61: 2 | CR61: {=SUMPRODUCT($G$4:$CQ$4,G61:CQ61)} -> 3250
A62: 57 | B62: Vimal | D62: Giri | E62: Chinthamani | CR62: {=SUMPRODUCT($G$4:$CQ$4,G62:CQ62)} -> 0
A63: 58 | B63: Vimal | D63: Giri | E63: Annanagar | CR63: {=SUMPRODUCT($G$4:$CQ$4,G63:CQ63)} -> 0
A64: 59 | B64: Vimal | C64: Sai Lakshmi | D64: vairam Store | E64: Tnagar | CR64: {=SUMPRODUCT($G$4:$CQ$4,G64:CQ64)} -> 0
A65: 60 | B65: Vimal | C65: Revathi E | D65: vv mart | E65: Nanganallur | CR65: {=SUMPRODUCT($G$4:$CQ$4,G65:CQ65)} -> 0
A66: 61 | B66: Vimal | D66: vv mart | E66: sembakkam | CR66: {=SUMPRODUCT($G$4:$CQ$4,G66:CQ66)} -> 0
A67: 62 | B67: Vimal | D67: Blessing | E67: Tambaram | CR67: {=SUMPRODUCT($G$4:$CQ$4,G67:CQ67)} -> 0
A68: 63 | B68: yashmeen banu | C68: Saranya | D68: A.one | E68: Sivagangai | F68: 1 | M68: 1 | BH68: 1 | BW68: 1 | CD68: 1 | CP68: 1 | CR68: {=SUMPRODUCT($G$4:$CQ$4,G68:CQ68)} -> 1326
A69: 64 | B69: yashmeen banu | C69: Kavitha | D69: Orange super market | E69: Paramakudi | F69: 1 | M69: 2 | N69: 4 | U69: 1 | BC69: 1 | BJ69: 1 | BN69: 1 | BX69: 1 | CI69: 2 | CR69: {=SUMPRODUCT($G$4:$CQ$4,G69:CQ69)} -> 2166
A70: 65 | B70: yashmeen banu | C70: parsath | D70: Vanavil | E70: Devakottai | CR70: {=SUMPRODUCT($G$4:$CQ$4,G70:CQ70)} -> 0
A71: 66 | B71: yashmeen banu | C71: pandiselvi | D71: natraj super market | E71: thirumangalam | F71: 1 | J71: 2 | R71: 1 | U71: 2 | AA71: 1 | AJ71: 1 | AS71: 1 | AX71: 1 | CR71: {=SUMPRODUCT($G$4:$CQ$4,G71:CQ71)} -> 2413
A72: 67 | B72: yashmeen banu | C72: divya | D72: alfaritha | E72: ramnad | F72: 1 | U72: 1 | AB72: 2 | AC72: 1 | AD72: 1 | AQ72: 2 | AT72: 2 | AV72: 2 | AW72: 1 | BL72: 2 | BQ72: 3 | CR72: {=SUMPRODUCT($G$4:$CQ$4,G72:CQ72)} -> 3297
A73: 68 | B73: yashmeen banu | C73: Lakshmi | D73: Anantham super market | E73: theni | CR73: {=SUMPRODUCT($G$4:$CQ$4,G73:CQ73)} -> 0
A74: 69 | B74: yashmeen banu | C74: Anjukam | D74: Elaki shoppin mall | E74: Ramnad | F74: 1 | O74: 4 | Q74: 3 | AC74: 7 | AK74: 1 | AL74: 1 | AM74: 6 | AO74: 1 | AS74: 4 | CR74: {=SUMPRODUCT($G$4:$CQ$4,G74:CQ74)} -> 9343
A75: 70 | B75: yashmeen banu | C75: Muthumari | D75: ESHA | E75: Virudhunagar | F75: 1 | BL75: 1 | BM75: 2 | BP75: 2 | BQ75: 1 | CR75: {=SUMPRODUCT($G$4:$CQ$4,G75:CQ75)} -> 783
A76: 71 | B76: yashmeen banu | C76: Muthumari | D76: paramiltry canteen | E76: viruthunagar | CR76: {=SUMPRODUCT($G$4:$CQ$4,G76:CQ76)} -> 0
A77: 72 | B77: yashmeen banu | C77: Ellammal | D77: Thirumalai Super MArket | E77: Thirumangalam | CR77: {=SUMPRODUCT($G$4:$CQ$4,G77:CQ77)} -> 0
A78: 73 | B78: yashmeen banu | C78: Ellammal | D78: Thirumalai department | E78: thirumangalam | CR78: {=SUMPRODUCT($G$4:$CQ$4,G78:CQ78)} -> 0
A79: 74 | B79: yashmeen banu | C79: Arthi | D79: Almass super market | E79: Devakottai | F79: 1 | BS79: 1 | BT79: 1 | CM79: 1 | CR79: {=SUMPRODUCT($G$4:$CQ$4,G79:CQ79)} -> 630
A80: 75 | B80: yashmeen banu | C80: Nandhini | D80: Udhayam | E80: Thirupattur | F80: 1 | H80: 1 | N80: 1 | O80: 2 | P80: 1 | T80: 1 | V80: 1 | AA80: 2 | AC80: 2 | AD80: 2 | AG80: 1 | AJ80: 2 | AO80: 2 | AQ80: 2 | CD80: 2 | CH80: 1 | CR80: {=SUMPRODUCT($G$4:$CQ$4,G80:CQ80)} -> 6515
A81: 76 | B81: yashmeen banu | C81: Pakkiya | D81: Karuvapillai SM | E81: thirumangalam | F81: 1 | J81: 1 | V81: 1 | AA81: 1 | AC81: 1 | CR81: {=SUMPRODUCT($G$4:$CQ$4,G81:CQ81)} -> 924
A82: 77 | B82: yashmeen banu | C82: Elakkiya | D82: Koyambedu SM | E82: Ramnad | CR82: {=SUMPRODUCT($G$4:$CQ$4,G82:CQ82)} -> 0
A83: 78 | B83: yashmeen banu | C83: Uma Devi | D83: Rathinam SM | E83: Usilampatti | CR83: {=SUMPRODUCT($G$4:$CQ$4,G83:CQ83)} -> 0
A84: 78 | B84: yashmeen banu | C84: Sankareshwari S | D84: Gupta Cosmetics | E84: Kilakkuvasal | F84: 1 | N84: 1 | P84: 1 | AJ84: 1 | AQ84: 2 | CR84: {=SUMPRODUCT($G$4:$CQ$4,G84:CQ84)} -> 1192
A85: 79 | B85: vennila | C85: kousalya | D85: bsf canteen | E85: katpadi | F85: 1 | R85: 1 | S85: 1 | U85: 1 | W85: 2 | AG85: 1 | AK85: 1 | AQ85: 2 | AR85: 1 | AU85: 1 | AV85: 1 | AW85: 4 | AX85: 1 | CR85: {=SUMPRODUCT($G$4:$CQ$4,G85:CQ85)} -> 4630
A86: 80 | B86: vennila | C86: sharmila | D86: paneer super market 3 | E86: Tiruvannamalai | F86: 1 | H86: 1 | J86: 1 | P86: 1 | AB86: 1 | CR86: {=SUMPRODUCT($G$4:$CQ$4,G86:CQ86)} -> 1129
A87: 81 | B87: vennila | C87: santhiya | D87: new poombuhar | E87: vengikal | CR87: {=SUMPRODUCT($G$4:$CQ$4,G87:CQ87)} -> 0
A88: 82 | B88: vennila | C88: Anbarasi | D88: sri ranga | E88: gingee | CR88: {=SUMPRODUCT($G$4:$CQ$4,G88:CQ88)} -> 0
A89: 83 | B89: vennila | C89: vidya | D89: vadamalai | E89: tirupattur | F89: 1 | G89: 2 | O89: 1 | AG89: 1 | AW89: 1 | BR89: 2 | BS89: 1 | CR89: {=SUMPRODUCT($G$4:$CQ$4,G89:CQ89)} -> 2449
A90: 84 | B90: vennila | C90: Bhuvaneswari | D90: PANEER 2 | E90: Tiruvannamalai | CR90: {=SUMPRODUCT($G$4:$CQ$4,G90:CQ90)} -> 0
A91: 85 | B91: vennila | C91: Tamilarasi | D91: vasavi | E91: vandavasi | F91: 1 | V91: 1 | AD91: 2 | AQ91: 1 | CR91: {=SUMPRODUCT($G$4:$CQ$4,G91:CQ91)} -> 735
A92: 86 | B92: vennila | C92: Punitha D | D92: sri balaji | E92: gingee | F92: 1 | M92: 1 | N92: 1 | AM92: 1 | AX92: 1 | BK92: 1 | BM92: 1 | CR92: {=SUMPRODUCT($G$4:$CQ$4,G92:CQ92)} -> 1065
A93: 86 | B93: vennila | C93: Anitha | D93: Pothys | E93: Pondicherry | CR93: {=SUMPRODUCT($G$4:$CQ$4,G93:CQ93)} -> 0
A94: 87 | B94: Anmary | C94: Mathavi | D94: Janapriya | E94: pudukottai | F94: 1 | J94: 2 | M94: 1 | R94: 2 | AD94: 1 | BN94: 1 | BZ94: 1 | CR94: {=SUMPRODUCT($G$4:$CQ$4,G94:CQ94)} -> 2060
A95: 88 | B95: Anmary | C95: Ramya | D95: National shopping | E95: Kumbankonam | F95: 1 | G95: 1 | K95: 1 | L95: 1 | AW95: 1 | CR95: {=SUMPRODUCT($G$4:$CQ$4,G95:CQ95)} -> 1149
A96: 89 | B96: Anmary | D96: National SM | E96: Ponnamaravathi | CR96: {=SUMPRODUCT($G$4:$CQ$4,G96:CQ96)} -> 0
A97: 90 | B97: Anmary | D97: Kurinji Max | E97: Kumbankonam | CR97: {=SUMPRODUCT($G$4:$CQ$4,G97:CQ97)} -> 0
A98: 91 | B98: Anmary | C98: Rajmeena | D98: Balaji super store | E98: usilampatti | F98: 1 | I98: 1 | N98: 1 | P98: 2 | S98: 1 | AA98: 1 | AC98: 1 | AE98: 1 | CR98: {=SUMPRODUCT($G$4:$CQ$4,G98:CQ98)} -> 2429
A99: 91 | B99: Anmary | C99: Jancy | D99: Keerthi Super Market | E99: Vedasandhur | F99: 1 | U99: 1 | V99: 1 | AS99: 1 | CR99: {=SUMPRODUCT($G$4:$CQ$4,G99:CQ99)} -> 765
A100: 91 | B100: Anmary | C100: Bhanupriya | D100: SVR Super Market | E100: Dindigul | CR100: {=SUMPRODUCT($G$4:$CQ$4,G100:CQ100)} -> 0
...

Sheet 3
A1: BA DAILY SALES DETAILS
G2: NEW PRODUCTS | AY2: OLD PRODUCTS | CR2: VALUE IN MRP
A3: S.NO | B3: SUPERVISORS | C3: BA NAME | D3: OUTLET NAME | E3: TOWN | F3: Present | G3: FACE CARE | V3: BODY CARE | AH3: HAIR CARE | AT3: PERSONAL CARE | AY3: FACE CARE | BN3: BODY CARE | BZ3: HAIR CARE | CL3: PERSONAL CARE
G4: 330 | H4: 195 | I4: 330 | J4: 195 | K4: 195 | L4: 294 | M4: 177 | N4: 123 | O4: 499 | P4: 499 | Q4: 499 | R4: 499 | S4: 249 | T4: 299 | U4: 150 | V4: 195 | W4: 195 | X4: 195 | Y4: 195 | Z4: 195 | AA4: 294 | AB4: 240 | AC4: 240 | AD4: 195 | AE4: 195 | AF4: 195 | AG4: 420 | AH4: 222 | AI4: 195 | AJ4: 270 | AK4: 270 | AL4: 270 | AM4: 270 | AN4: 330 | AO4: 330 | AP4: 330 | AQ4: 150 | AR4: 294 | AS4: 420 | AT4: 195 | AU4: 294 | AV4: 204 | AW4: 330 | AX4: 240 | AY4: 222 | AZ4: 150 | BA4: 222 | BB4: 150 | BC4: 150 | BD4: 195 | BE4: 150 | BF4: 78 | BG4: 420 | BH4: 420 | BI4: 375 | BJ4: 420 | BK4: 177 | BL4: 177 | BM4: 78 | BN4: 150 | BO4: 150 | BP4: 150 | BQ4: 150 | BR4: 150 | BS4: 240 | BT4: 195 | BU4: 195 | BV4: 150 | BW4: 150 | BX4: 150 | BY4: 294 | BZ4: 150 | CA4: 150 | CB4: 249 | CC4: 249 | CD4: 249 | CE4: 249 | CF4: 330 | CG4: 330 | CH4: 330 | CI4: 150 | CJ4: 294 | CK4: 294 | CL4: 300 | CM4: 195 | CN4: 294 | CO4: 204 | CP4: 330 | CQ4: 240
G5: Gold Facial | H5: Face Wash | I5: Hibiscus Powder | J5: Nalangu Powder | K5: Orange Peel | L5: Rose petals | M5: Kasthuri Manjal | N5: Multani Mitti | O5: Vitamin C Serum | P5: Saffron Serum | Q5: Vitamin C Cream | R5: Saffron Cream | S5: Aleovera Gel (W) | T5: Aleovera Gel (G) | U5: Rose Mist | V5: Pungam Oil Soap | W5: Mahua Oil Soap | X5: Coconut Oil Soap | Y5: Six Oil Soap | Z5: Papaya Soap | AA5: Milk Saffron Soap | AB5: Manjistha Soap | AC5: Vitamin C Soap | AD5: Goat Milk Soap | AE5: Charcoal Soap | AF5: Herbal Soap | AG5: Gold Soap | AH5: Henna Powder | AI5: Hair Wash Powder | AJ5: Rosemary Shampoo | AK5: Onion Shampoo | AL5: Bhringraj Shampoo | AM5: Flaxseed Shampoo | AN5: Flaxseed Conditioner | AO5: Rosemery Conditioner | AP5: Bhringraj Conditioner | AQ5: Hair Color (10g) | AR5: Hair Color (20g) | AS5: Hibiscus Hair Oil | AT5: Napkin L6 | AU5: Napkin L12 | AV5: Napkin XL6 | AW5: Napkin XL12 | AX5: Napkin XXL6 | AY5: Gold Facial | AZ5: Face Wash | BA5: Hibiscus Powder | BB5: Nalangu Powder | BC5: Orange Peel | BD5: Rose petals | BE5: Kasthuri Manjal | BF5: Multani Mitti | BG5: Vitamin C Serum | BH5: Saffron Serum | BI5: Vitamin C Cream | BJ5: Saffron Cream | BK5: Aleovera Gel (W) | BL5: Aleovera Gel (G) | BM5: Rose Mist | BN5: Pungam Oil Soap | BO5: Mahua Oil Soap | BP5: Coconut Oil Soap | BQ5: Six Oil Soap | BR5: Papaya Soap | BS5: Milk Saffron Soap | BT5: Manjistha Soap | BU5: Vitamin C Soap | BV5: Goat Milk Soap | BW5: Charcoal Soap | BX5: Herbal Soap | BY5: Gold Soap | BZ5: Henna Powder | CA5: Hair Wash Powder | CB5: Rosemary Shampoo | CC5: Onion Shampoo | CD5: Bhringraj Shampoo | CE5: Flaxseed Shampoo | CF5: Flaxseed Conditioner | CG5: Rosemery Conditioner | CH5: Bhringraj Conditioner | CI5: Hair Color (10g) | CJ5: Hair Color (20g) | CK5: Hibiscus Hair Oil | CL5: Secure 320 mm | CM5: Napkin L6 | CN5: Napkin L12 | CO5: Napkin XL6 | CP5: Napkin XL12 | CQ5: Napkin XXL6
A6: 1 | B6: Muthumari | C6: Veilaiyeeammal | D6: Refresh | E6: Sankarankovil | F6: 1 | K6: 1 | M6: 1 | U6: 1 | V6: 2 | AB6: 1 | AE6: 1 | AI6: 1 | AQ6: 2 | BP6: 1 | BZ6: 1 | CR6: {=SUMPRODUCT($G$4:$CQ$4,G6:CQ6)} -> 2142
A7: 2 | B7: Muthumari | C7: Mageswari D | D7: Joncy super mart | E7: Sivakasi | F7: 1 | J7: 2 | S7: 1 | W7: 1 | Y7: 1 | AD7: 1 | AF7: 1 | AL7: 2 | AM7: 1 | AS7: 1 | AV7: 1 | AW7: 1 | BW7: 1 | BY7: 1 | CR7: {=SUMPRODUCT($G$4:$CQ$4,G7:CQ7)} -> 3627
A8: 3 | B8: Muthumari | C8: Maheswari P | D8: Ndr super market | E8: Rajapalayam | F8: 1 | M8: 1 | U8: 1 | V8: 2 | AC8: 1 | AL8: 2 | AQ8: 2 | CR8: {=SUMPRODUCT($G$4:$CQ$4,G8:CQ8)} -> 1797
A9: 4 | B9: Muthumari | C9: lakshmi prabha | D9: Joncy mart | E9: Sivakasi | F9: 1 | M9: 1 | R9: 2 | S9: 1 | AB9: 1 | AC9: 1 | AD9: 1 | AG9: 1 | AI9: 1 | AP9: 1 | AQ9: 2 | AW9: 2 | CR9: {=SUMPRODUCT($G$4:$CQ$4,G9:CQ9)} -> 4004
A10: 5 | B10: Muthumari | C10: Muthumari M | D10: Mario super market | E10: Rajapalayam | F10: 1 | Q10: 1 | S10: 2 | Z10: 1 | AG10: 1 | AL10: 1 | AZ10: 1 | CI10: 3 | CP10: 1 | CR10: {=SUMPRODUCT($G$4:$CQ$4,G10:CQ10)} -> 2812
A11: 6 | B11: Muthumari | C11: Latha | D11: New balaji | E11: Sivakasi | F11: 1 | M11: 1 | N11: 1 | U11: 1 | AB11: 1 | AC11: 1 | AF11: 1 | AG11: 1 | AJ11: 1 | AQ11: 5 | AR11: 5 | BN11: 1 | CR11: {=SUMPRODUCT($G$4:$CQ$4,G11:CQ11)} -> 4185
A12: 7 | B12: Muthumari | C12: Kaliswari S | D12: Tamilnadu super market | E12: Rajapalayam | F12: 1 | N12: 1 | S12: 1 | T12: 1 | AA12: 2 | AD12: 1 | AJ12: 1 | AS12: 2 | BM12: 2 | CR12: {=SUMPRODUCT($G$4:$CQ$4,G12:CQ12)} -> 2720
A13: 8 | B13: Muthumari | C13: bahavathi | D13: Jass Super market | E13: Srivilliputhur | CR13: {=SUMPRODUCT($G$4:$CQ$4,G13:CQ13)} -> 0
A14: 9 | B14: Muthumari | C14: Kala | D14: AkM Super Market | E14: Puliankudi | F14: 1 | J14: 3 | M14: 1 | P14: 1 | Q14: 2 | R14: 1 | Y14: 2 | AA14: 6 | AD14: 1 | AE14: 1 | AK14: 1 | AS14: 1 | CO14: 1 | CQ14: 1 | CR14: {=SUMPRODUCT($G$4:$CQ$4,G14:CQ14)} -> 6436
A15: 10 | B15: Muthumari | C15: Jeyalakshmi | D15: B Cart | E15: Sivakasi | F15: 1 | J15: 1 | AD15: 1 | AJ15: 1 | AK15: 1 | AQ15: 1 | CR15: {=SUMPRODUCT($G$4:$CQ$4,G15:CQ15)} -> 1080
A16: 11 | B16: Muthumari | C16: Selvi | D16: Ambika | E16: Senkottai | F16: 1 | AD16: 2 | BO16: 1 | BT16: 1 | BW16: 1 | CA16: 1 | CB16: 2 | CC16: 1 | CD16: 2 | CI16: 1 | CR16: {=SUMPRODUCT($G$4:$CQ$4,G16:CQ16)} -> 2430
A17: 12 | B17: Muthumari | C17: Sathya | D17: Velayuthannadar | E17: Surandai | F17: 1 | M17: 3 | X17: 1 | AC17: 1 | AK17: 1 | AW17: 1 | AX17: 2 | BL17: 1 | CI17: 1 | CM17: 1 | CR17: {=SUMPRODUCT($G$4:$CQ$4,G17:CQ17)} -> 2568
A18: 13 | B18: Esakkiammal | C18: karthigai | D18: Kumar | E18: kovil | CR18: {=SUMPRODUCT($G$4:$CQ$4,G18:CQ18)} -> 0
A19: 14 | B19: Esakkiammal | C19: valliammal | D19: Balaji super market | E19: Sattur | CR19: {=SUMPRODUCT($G$4:$CQ$4,G19:CQ19)} -> 0
A20: 15 | B20: Esakkiammal | C20: Revathi | D20: Aryaas super market | E20: Tirunelveli | F20: 1 | M20: 1 | U20: 1 | AA20: 3 | AB20: 1 | AD20: 1 | AI20: 1 | AR20: 1 | CR20: {=SUMPRODUCT($G$4:$CQ$4,G20:CQ20)} -> 2133
A21: 16 | B21: Esakkiammal | C21: esakkiammal | D21: Ganesh | E21: Tirunelveli | F21: 1 | M21: 1 | N21: 1 | U21: 1 | V21: 1 | AN21: 1 | AQ21: 2 | BG21: 1 | BH21: 1 | BJ21: 1 | CR21: {=SUMPRODUCT($G$4:$CQ$4,G21:CQ21)} -> 2535
A22: 17 | B22: Esakkiammal | C22: Vasantha S | D22: V.S.R | E22: Thisayanvilai | F22: 1 | J22: 1 | N22: 2 | O22: 1 | Q22: 1 | R22: 2 | S22: 1 | U22: 1 | V22: 1 | Z22: 3 | AA22: 2 | AC22: 3 | AE22: 1 | AF22: 1 | AK22: 1 | AL22: 2 | AO22: 2 | AW22: 1 | CR22: {=SUMPRODUCT($G$4:$CQ$4,G22:CQ22)} -> 7114
A23: 18 | B23: Esakkiammal | C23: Mahalakshmi | D23: Pothys | E23: Tirunelveli | F23: 1 | J23: 3 | M23: 7 | N23: 1 | Q23: 1 | S23: 4 | T23: 2 | U23: 3 | Y23: 4 | Z23: 6 | AA23: 1 | AB23: 1 | AD23: 2 | AE23: 1 | AF23: 1 | AG23: 1 | AH23: 1 | AI23: 1 | AJ23: 1 | AM23: 1 | AP23: 1 | AQ23: 4 | AR23: 1 | AS23: 4 | CR23: {=SUMPRODUCT($G$4:$CQ$4,G23:CQ23)} -> 12035
A24: 19 | B24: Esakkiammal | D24: Nachiyar | E24: Tirunelveli | F24: 1 | M24: 1 | Z24: 1 | AA24: 1 | AD24: 3 | AQ24: 2 | CR24: {=SUMPRODUCT($G$4:$CQ$4,G24:CQ24)} -> 1551
A25: 20 | B25: Esakkiammal | C25: Nagalakshmi | D25: BSF CANTEEN | E25: Tirunelveli | F25: 1 | BF25: 1 | CB25: 1 | CR25: {=SUMPRODUCT($G$4:$CQ$4,G25:CQ25)} -> 327
A26: 21 | B26: Esakkiammal | D26: Samuel super market | E26: Eral | CR26: {=SUMPRODUCT($G$4:$CQ$4,G26:CQ26)} -> 0
A27: 22 | B27: Esakkiammal | C27: Rooth mari | D27: Abu hanifa store | E27: Tirunelveli | F27: 1 | J27: 1 | L27: 1 | M27: 1 | N27: 1 | AA27: 1 | AC27: 1 | AD27: 1 | AE27: 1 | CR27: {=SUMPRODUCT($G$4:$CQ$4,G27:CQ27)} -> 1713
A28: 23 | B28: Esakkiammal | D28: Ayya supermarket | E28: chettikulam | CR28: {=SUMPRODUCT($G$4:$CQ$4,G28:CQ28)} -> 0
A29: 24 | B29: Esakkiammal | C29: Kumaradevi | D29: Five star Supermarket | E29: kallidaikurichi | CR29: {=SUMPRODUCT($G$4:$CQ$4,G29:CQ29)} -> 0
A30: 25 | B30: Esakkiammal | C30: Remove Shop | D30: Jaya super market | E30: panankudi | CR30: {=SUMPRODUCT($G$4:$CQ$4,G30:CQ30)} -> 0
A31: 26 | B31: Esakkiammal | D31: Anita Super Market | E31: Tirunelveli | CR31: {=SUMPRODUCT($G$4:$CQ$4,G31:CQ31)} -> 0
A32: 27 | B32: Esakkiammal | D32: Sathiya Super Market | E32: Kovilpatti | CR32: {=SUMPRODUCT($G$4:$CQ$4,G32:CQ32)} -> 0
A33: 28 | B33: Viji | C33: Ajitha | D33: Pothys | E33: Nagerkovil | F33: 1 | P33: 1 | S33: 1 | AA33: 1 | AE33: 2 | AK33: 1 | AO33: 1 | AQ33: 2 | CR33: {=SUMPRODUCT($G$4:$CQ$4,G33:CQ33)} -> 2332
A34: 29 | B34: Viji | C34: Bindhu | D34: Ganesh | E34: Nagerkovil | F34: 1 | I34: 1 | J34: 1 | P34: 1 | AB34: 1 | AK34: 2 | AS34: 1 | AV34: 3 | AW34: 1 | AX34: 2 | BE34: 2 | CR34: {=SUMPRODUCT($G$4:$CQ$4,G34:CQ34)} -> 3946
A35: 30 | B35: Viji | C35: Mahalakshmi | D35: Anantha | E35: Pammam | CR35: {=SUMPRODUCT($G$4:$CQ$4,G35:CQ35)} -> 0
A36: 31 | B36: Viji | C36: Dhanyarani | D36: Varaity | E36: Kaliyakkavilai | CR36: {=SUMPRODUCT($G$4:$CQ$4,G36:CQ36)} -> 0
A37: 32 | B37: Viji | C37: Girija | D37: Louis | E37: Karunkal | CR37: {=SUMPRODUCT($G$4:$CQ$4,G37:CQ37)} -> 0
A38: 33 | B38: Viji | C38: Girija | D38: Harris | E38: karungal | CR38: {=SUMPRODUCT($G$4:$CQ$4,G38:CQ38)} -> 0
A39: 34 | B39: Viji | D39: Ramasamy | E39: colochal | CR39: {=SUMPRODUCT($G$4:$CQ$4,G39:CQ39)} -> 0
A40: 35 | B40: Viji | C40: Vinoja | D40: One Shop | E40: Marthandam | F40: 1 | M40: 1 | AB40: 1 | AD40: 1 | AE40: 1 | AJ40: 1 | AM40: 1 | AQ40: 3 | CR40: {=SUMPRODUCT($G$4:$CQ$4,G40:CQ40)} -> 1797
A41: 36 | B41: Viji | C41: vanitha | D41: Akn | E41: Marthandam | CR41: {=SUMPRODUCT($G$4:$CQ$4,G41:CQ41)} -> 0
A42: 37 | B42: Viji | D42: Robins Hypermarket | E42: Singanallur | CR42: {=SUMPRODUCT($G$4:$CQ$4,G42:CQ42)} -> 0
A43: 38 | B43: Viji | C43: Lakshmi Priya | D43: MS Shopping | E43: Townhall | CR43: {=SUMPRODUCT($G$4:$CQ$4,G43:CQ43)} -> 0
A44: 39 | B44: Viji | C44: Gunasundari Saravanan | D44: Thulir | E44: Mettupalayam | F44: 1 | AY44: 1 | BK44: 3 | BL44: 1 | BN44: 2 | BO44: 1 | BQ44: 1 | BR44: 1 | BW44: 1 | CB44: 1 | CO44: 1 | CQ44: 2 | CR44: {=SUMPRODUCT($G$4:$CQ$4,G44:CQ44)} -> 2763
A45: 40 | B45: Viji | D45: Arthi | E45: Mettupalayam | CR45: {=SUMPRODUCT($G$4:$CQ$4,G45:CQ45)} -> 0
A46: 41 | B46: Viji | C46: Premavathi | D46: Arthi | E46: Vadavalli | F46: 1 | AA46: 1 | AZ46: 1 | BW46: 1 | BY46: 2 | CR46: {=SUMPRODUCT($G$4:$CQ$4,G46:CQ46)} -> 1182
A47: 42 | B47: Viji | C47: riganaparveen | D47: day2day | E47: kovaipudur | CR47: {=SUMPRODUCT($G$4:$CQ$4,G47:CQ47)} -> 0
A48: 43 | B48: Viji | C48: Sugusk | D48: Rengas | E48: Coimbatore | F48: 1 | AK48: 1 | CR48: {=SUMPRODUCT($G$4:$CQ$4,G48:CQ48)} -> 270
A49: 44 | B49: Viji | C49: Kartheeshwari | D49: SGS Super Market | E49: Coimbatore | CR49: {=SUMPRODUCT($G$4:$CQ$4,G49:CQ49)} -> 0
A50: 45 | B50: Vimal | C50: Ammu | D50: Ready basket | E50: Chennai | F50: 1 | G50: 1 | M50: 2 | O50: 1 | R50: 1 | S50: 1 | T50: 1 | AA50: 1 | AK50: 1 | AL50: 1 | CI50: 2 | CJ50: 1 | CR50: {=SUMPRODUCT($G$4:$CQ$4,G50:CQ50)} -> 3658
A51: 46 | B51: Vimal | C51: Karthika | D51: pandian fancy | E51: Chennai | F51: 1 | N51: 2 | CI51: 3 | CJ51: 5 | CR51: {=SUMPRODUCT($G$4:$CQ$4,G51:CQ51)} -> 2166
A52: 47 | B52: Vimal | C52: B.Sumithra | D52: New Pandian | E52: T.nagar | F52: 1 | J52: 1 | K52: 3 | L52: 1 | O52: 1 | S52: 3 | V52: 1 | AD52: 2 | BO52: 1 | CR52: {=SUMPRODUCT($G$4:$CQ$4,G52:CQ52)} -> 3055
A53: 48 | B53: Vimal | D53: GIRI | E53: Thabaram | CR53: {=SUMPRODUCT($G$4:$CQ$4,G53:CQ53)} -> 0
A54: 49 | B54: Vimal | D54: Giri | E54: Tnagar | CR54: {=SUMPRODUCT($G$4:$CQ$4,G54:CQ54)} -> 0
A55: 50 | B55: Vimal | D55: Giri | E55: Pallikaranai | CR55: {=SUMPRODUCT($G$4:$CQ$4,G55:CQ55)} -> 0
A56: 51 | B56: Vimal | D56: GIRI | E56: Nanganallur | CR56: {=SUMPRODUCT($G$4:$CQ$4,G56:CQ56)} -> 0
A57: 52 | B57: Vimal | C57: megala | D57: Green Fresh | E57: Tambaram | CR57: {=SUMPRODUCT($G$4:$CQ$4,G57:CQ57)} -> 0
A58: 53 | B58: Vimal | C58: megala | D58: Rajan Departmental Store | E58: Tambaram | CR58: {=SUMPRODUCT($G$4:$CQ$4,G58:CQ58)} -> 0
A59: 54 | B59: Vimal | C59: megala | D59: Ram Dev | E59: Gunduvanchery | CR59: {=SUMPRODUCT($G$4:$CQ$4,G59:CQ59)} -> 0
A60: 55 | B60: Vimal | C60: Devi | D60: Sun Super market | E60: Madurangam | F60: 1 | N60: 3 | U60: 2 | AA60: 2 | AD60: 2 | AE60: 2 | AG60: 1 | AJ60: 1 | AS60: 1 | CR60: {=SUMPRODUCT($G$4:$CQ$4,G60:CQ60)} -> 3147
A61: 56 | B61: Vimal | C61: Devi | D61: Sri murugan | E61: Madurangam | CR61: {=SUMPRODUCT($G$4:$CQ$4,G61:CQ61)} -> 0
A62: 57 | B62: Vimal | D62: Giri | E62: Chinthamani | CR62: {=SUMPRODUCT($G$4:$CQ$4,G62:CQ62)} -> 0
A63: 58 | B63: Vimal | D63: Giri | E63: Annanagar | CR63: {=SUMPRODUCT($G$4:$CQ$4,G63:CQ63)} -> 0
A64: 59 | B64: Vimal | C64: Sai Lakshmi | D64: vairam Store | E64: Tnagar | CR64: {=SUMPRODUCT($G$4:$CQ$4,G64:CQ64)} -> 0
A65: 60 | B65: Vimal | C65: Revathi E | D65: vv mart | E65: Nanganallur | CR65: {=SUMPRODUCT($G$4:$CQ$4,G65:CQ65)} -> 0
A66: 61 | B66: Vimal | D66: vv mart | E66: sembakkam | CR66: {=SUMPRODUCT($G$4:$CQ$4,G66:CQ66)} -> 0
A67: 62 | B67: Vimal | D67: Blessing | E67: Tambaram | CR67: {=SUMPRODUCT($G$4:$CQ$4,G67:CQ67)} -> 0
A68: 63 | B68: yashmeen banu | C68: Saranya | D68: A.one | E68: Sivagangai | F68: 1 | U68: 2 | AB68: 3 | AK68: 2 | AM68: 1 | CI68: 3 | CN68: 1 | CR68: {=SUMPRODUCT($G$4:$CQ$4,G68:CQ68)} -> 2574
A69: 64 | B69: yashmeen banu | C69: Kavitha | D69: Orange super market | E69: Paramakudi | F69: 1 | M69: 2 | AD69: 1 | AE69: 1 | CI69: 1 | CM69: 1 | CR69: {=SUMPRODUCT($G$4:$CQ$4,G69:CQ69)} -> 1089
A70: 65 | B70: yashmeen banu | C70: parsath | D70: Vanavil | E70: Devakottai | CR70: {=SUMPRODUCT($G$4:$CQ$4,G70:CQ70)} -> 0
A71: 66 | B71: yashmeen banu | C71: pandiselvi | D71: natraj super market | E71: thirumangalam | F71: 1 | M71: 2 | R71: 1 | U71: 1 | W71: 1 | AA71: 2 | AB71: 1 | AK71: 2 | AM71: 1 | AQ71: 4 | AR71: 1 | AS71: 1 | AW71: 2 | AX71: 2 | CR71: {=SUMPRODUCT($G$4:$CQ$4,G71:CQ71)} -> 5290
A72: 67 | B72: yashmeen banu | C72: divya | D72: alfaritha | E72: ramnad | F72: 1 | G72: 1 | N72: 2 | AA72: 1 | AB72: 1 | AD72: 1 | AI72: 1 | AJ72: 1 | AK72: 1 | AQ72: 1 | AT72: 2 | AU72: 1 | BF72: 3 | BN72: 2 | BR72: 2 | CR72: {=SUMPRODUCT($G$4:$CQ$4,G72:CQ72)} -> 3708
A73: 68 | B73: yashmeen banu | C73: Lakshmi | D73: Anantham super market | E73: theni | CR73: {=SUMPRODUCT($G$4:$CQ$4,G73:CQ73)} -> 0
A74: 69 | B74: yashmeen banu | C74: Anjukam | D74: Elaki shoppin mall | E74: Ramnad | F74: 1 | G74: 1 | J74: 1 | K74: 1 | O74: 1 | Q74: 1 | S74: 1 | U74: 3 | AA74: 1 | AE74: 1 | AI74: 1 | AK74: 1 | AR74: 1 | CR74: {=SUMPRODUCT($G$4:$CQ$4,G74:CQ74)} -> 3665
A75: 70 | B75: yashmeen banu | C75: Muthumari | D75: ESHA | E75: Virudhunagar | F75: 1 | M75: 1 | AI75: 1 | AJ75: 1 | AL75: 1 | BA75: 1 | BB75: 1 | BD75: 1 | BL75: 1 | BW75: 1 | CD75: 1 | CI75: 2 | CJ75: 1 | CR75: {=SUMPRODUCT($G$4:$CQ$4,G75:CQ75)} -> 2649
A76: 71 | B76: yashmeen banu | C76: Muthumari | D76: paramiltry canteen | E76: viruthunagar | CR76: {=SUMPRODUCT($G$4:$CQ$4,G76:CQ76)} -> 0
A77: 72 | B77: yashmeen banu | C77: Ellammal | D77: Thirumalai Super MArket | E77: Thirumangalam | CR77: {=SUMPRODUCT($G$4:$CQ$4,G77:CQ77)} -> 0
A78: 73 | B78: yashmeen banu | C78: Ellammal | D78: Thirumalai department | E78: thirumangalam | F78: 1 | M78: 1 | V78: 1 | W78: 1 | Y78: 1 | AD78: 1 | AL78: 1 | AQ78: 2 | CR78: {=SUMPRODUCT($G$4:$CQ$4,G78:CQ78)} -> 1527
A79: 74 | B79: yashmeen banu | C79: Arthi | D79: Almass super market | E79: Devakottai | CR79: {=SUMPRODUCT($G$4:$CQ$4,G79:CQ79)} -> 0
A80: 75 | B80: yashmeen banu | C80: Nandhini | D80: Udhayam | E80: Thirupattur | F80: 1 | K80: 1 | M80: 1 | AC80: 1 | AF80: 1 | AG80: 1 | AN80: 1 | AO80: 1 | AQ80: 1 | AS80: 2 | CN80: 1 | CR80: {=SUMPRODUCT($G$4:$CQ$4,G80:CQ80)} -> 3171
A81: 76 | B81: yashmeen banu | C81: Pakkiya | D81: Karuvapillai SM | E81: thirumangalam | F81: 1 | V81: 2 | AD81: 1 | AM81: 1 | AQ81: 1 | CR81: {=SUMPRODUCT($G$4:$CQ$4,G81:CQ81)} -> 1005
A82: 77 | B82: yashmeen banu | D82: Koyambedu SM | E82: Ramnad | F82: 1 | M82: 2 | R82: 1 | S82: 1 | V82: 2 | W82: 1 | Y82: 1 | AE82: 1 | AF82: 2 | AK82: 2 | AM82: 2 | AR82: 4 | CR82: {=SUMPRODUCT($G$4:$CQ$4,G82:CQ82)} -> 4723
A83: 78 | B83: yashmeen banu | C83: Uma Devi | D83: Rathinam SM | E83: Usilampatti | F83: 1 | M83: 1 | N83: 1 | P83: 1 | R83: 1 | S83: 1 | U83: 1 | V83: 1 | X83: 1 | AB83: 2 | AC83: 1 | AD83: 1 | AE83: 1 | CR83: {=SUMPRODUCT($G$4:$CQ$4,G83:CQ83)} -> 3197
A84: 78 | B84: yashmeen banu | C84: Sankareshwari S | D84: Gupta Cosmetics | E84: Kilakkuvasal | F84: 1 | K84: 1 | L84: 1 | M84: 1 | N84: 1 | P84: 1 | U84: 2 | AC84: 2 | AQ84: 1 | AR84: 1 | CR84: {=SUMPRODUCT($G$4:$CQ$4,G84:CQ84)} -> 2512
A85: 79 | B85: vennila | C85: kousalya | D85: bsf canteen | E85: katpadi | F85: 1 | G85: 1 | M85: 12 | N85: 1 | R85: 1 | AA85: 1 | AE85: 1 | AR85: 2 | AW85: 3 | CR85: {=SUMPRODUCT($G$4:$CQ$4,G85:CQ85)} -> 5143
A86: 80 | B86: vennila | C86: sharmila | D86: paneer super market 3 | E86: Tiruvannamalai | CR86: {=SUMPRODUCT($G$4:$CQ$4,G86:CQ86)} -> 0
A87: 81 | B87: vennila | C87: santhiya | D87: new poombuhar | E87: vengikal | F87: 1 | M87: 1 | Q87: 1 | U87: 1 | AI87: 1 | AJ87: 1 | AQ87: 4 | AS87: 1 | BB87: 1 | CR87: {=SUMPRODUCT($G$4:$CQ$4,G87:CQ87)} -> 2461
A88: 82 | B88: vennila | C88: Anbarasi | D88: sri ranga | E88: gingee | F88: 1 | AC88: 10 | CK88: 1 | CR88: {=SUMPRODUCT($G$4:$CQ$4,G88:CQ88)} -> 2694
A89: 83 | B89: vennila | C89: vidya | D89: vadamalai | E89: tirupattur | F89: 1 | O89: 1 | V89: 1 | AC89: 1 | AQ89: 1 | AW89: 1 | AX89: 1 | BW89: 1 | CE89: 1 | CR89: {=SUMPRODUCT($G$4:$CQ$4,G89:CQ89)} -> 2053
A90: 84 | B90: vennila | C90: Bhuvaneswari | D90: PANEER 2 | E90: Tiruvannamalai | CR90: {=SUMPRODUCT($G$4:$CQ$4,G90:CQ90)} -> 0
A91: 85 | B91: vennila | C91: Tamilarasi | D91: vasavi | E91: vandavasi | CR91: {=SUMPRODUCT($G$4:$CQ$4,G91:CQ91)} -> 0
A92: 86 | B92: vennila | C92: Punitha D | D92: sri balaji | E92: gingee | CR92: {=SUMPRODUCT($G$4:$CQ$4,G92:CQ92)} -> 0
A93: 86 | B93: vennila | C93: Anitha | D93: Pothys | E93: Pondicherry | CR93: {=SUMPRODUCT($G$4:$CQ$4,G93:CQ93)} -> 0
A94: 87 | B94: Anmary | C94: Mathavi | D94: Janapriya | E94: pudukottai | F94: 1 | J94: 2 | M94: 2 | N94: 3 | AC94: 1 | BD94: 1 | BK94: 1 | BM94: 2 | BP94: 2 | CR94: {=SUMPRODUCT($G$4:$CQ$4,G94:CQ94)} -> 2181
A95: 88 | B95: Anmary | C95: Ramya | D95: National shopping | E95: Kumbankonam | F95: 1 | P95: 1 | Q95: 1 | Y95: 1 | CR95: {=SUMPRODUCT($G$4:$CQ$4,G95:CQ95)} -> 1193
A96: 89 | B96: Anmary | D96: National SM | E96: Ponnamaravathi | CR96: {=SUMPRODUCT($G$4:$CQ$4,G96:CQ96)} -> 0
A97: 90 | B97: Anmary | D97: Kurinji Max | E97: Kumbankonam | CR97: {=SUMPRODUCT($G$4:$CQ$4,G97:CQ97)} -> 0
A98: 91 | B98: Anmary | C98: Rajmeena | D98: Balaji super store | E98: usilampatti | F98: 1 | N98: 1 | AA98: 1 | AE98: 1 | AK98: 1 | AP98: 1 | CR98: {=SUMPRODUCT($G$4:$CQ$4,G98:CQ98)} -> 1212
A99: 91 | B99: Anmary | C99: Jancy | D99: Keerthi Super Market | E99: Vedasandhur | F99: 1 | J99: 2 | R99: 1 | AC99: 1 | AF99: 1 | AQ99: 2 | CR99: {=SUMPRODUCT($G$4:$CQ$4,G99:CQ99)} -> 1624
A100: 91 | B100: Anmary | C100: Bhanupriya | D100: SVR Super Market | E100: Dindigul | CR100: {=SUMPRODUCT($G$4:$CQ$4,G100:CQ100)} -> 0
...

Sheet 4
A1: BA DAILY SALES DETAILS
G2: NEW PRODUCTS | AY2: OLD PRODUCTS | CR2: VALUE IN MRP
A3: S.NO | B3: SUPERVISORS | C3: BA NAME | D3: OUTLET NAME | E3: TOWN | F3: Present | G3: FACE CARE | V3: BODY CARE | AH3: HAIR CARE | AT3: PERSONAL CARE | AY3: FACE CARE | BN3: BODY CARE | BZ3: HAIR CARE | CL3: PERSONAL CARE
G4: 330 | H4: 195 | I4: 330 | J4: 195 | K4: 195 | L4: 294 | M4: 177 | N4: 123 | O4: 499 | P4: 499 | Q4: 499 | R4: 499 | S4: 249 | T4: 299 | U4: 150 | V4: 195 | W4: 195 | X4: 195 | Y4: 195 | Z4: 195 | AA4: 294 | AB4: 240 | AC4: 240 | AD4: 195 | AE4: 195 | AF4: 195 | AG4: 420 | AH4: 222 | AI4: 195 | AJ4: 270 | AK4: 270 | AL4: 270 | AM4: 270 | AN4: 330 | AO4: 330 | AP4: 330 | AQ4: 150 | AR4: 294 | AS4: 420 | AT4: 195 | AU4: 294 | AV4: 204 | AW4: 330 | AX4: 240 | AY4: 222 | AZ4: 150 | BA4: 222 | BB4: 150 | BC4: 150 | BD4: 195 | BE4: 150 | BF4: 78 | BG4: 420 | BH4: 420 | BI4: 375 | BJ4: 420 | BK4: 177 | BL4: 177 | BM4: 78 | BN4: 150 | BO4: 150 | BP4: 150 | BQ4: 150 | BR4: 150 | BS4: 240 | BT4: 195 | BU4: 195 | BV4: 150 | BW4: 150 | BX4: 150 | BY4: 294 | BZ4: 150 | CA4: 150 | CB4: 249 | CC4: 249 | CD4: 249 | CE4: 249 | CF4: 330 | CG4: 330 | CH4: 330 | CI4: 150 | CJ4: 294 | CK4: 294 | CL4: 300 | CM4: 195 | CN4: 294 | CO4: 204 | CP4: 330 | CQ4: 240
G5: Gold Facial | H5: Face Wash | I5: Hibiscus Powder | J5: Nalangu Powder | K5: Orange Peel | L5: Rose petals | M5: Kasthuri Manjal | N5: Multani Mitti | O5: Vitamin C Serum | P5: Saffron Serum | Q5: Vitamin C Cream | R5: Saffron Cream | S5: Aleovera Gel (W) | T5: Aleovera Gel (G) | U5: Rose Mist | V5: Pungam Oil Soap | W5: Mahua Oil Soap | X5: Coconut Oil Soap | Y5: Six Oil Soap | Z5: Papaya Soap | AA5: Milk Saffron Soap | AB5: Manjistha Soap | AC5: Vitamin C Soap | AD5: Goat Milk Soap | AE5: Charcoal Soap | AF5: Herbal Soap | AG5: Gold Soap | AH5: Henna Powder | AI5: Hair Wash Powder | AJ5: Rosemary Shampoo | AK5: Onion Shampoo | AL5: Bhringraj Shampoo | AM5: Flaxseed Shampoo | AN5: Flaxseed Conditioner | AO5: Rosemery Conditioner | AP5: Bhringraj Conditioner | AQ5: Hair Color (10g) | AR5: Hair Color (20g) | AS5: Hibiscus Hair Oil | AT5: Napkin L6 | AU5: Napkin L12 | AV5: Napkin XL6 | AW5: Napkin XL12 | AX5: Napkin XXL6 | AY5: Gold Facial | AZ5: Face Wash | BA5: Hibiscus Powder | BB5: Nalangu Powder | BC5: Orange Peel | BD5: Rose petals | BE5: Kasthuri Manjal | BF5: Multani Mitti | BG5: Vitamin C Serum | BH5: Saffron Serum | BI5: Vitamin C Cream | BJ5: Saffron Cream | BK5: Aleovera Gel (W) | BL5: Aleovera Gel (G) | BM5: Rose Mist | BN5: Pungam Oil Soap | BO5: Mahua Oil Soap | BP5: Coconut Oil Soap | BQ5: Six Oil Soap | BR5: Papaya Soap | BS5: Milk Saffron Soap | BT5: Manjistha Soap | BU5: Vitamin C Soap | BV5: Goat Milk Soap | BW5: Charcoal Soap | BX5: Herbal Soap | BY5: Gold Soap | BZ5: Henna Powder | CA5: Hair Wash Powder | CB5: Rosemary Shampoo | CC5: Onion Shampoo | CD5: Bhringraj Shampoo | CE5: Flaxseed Shampoo | CF5: Flaxseed Conditioner | CG5: Rosemery Conditioner | CH5: Bhringraj Conditioner | CI5: Hair Color (10g) | CJ5: Hair Color (20g) | CK5: Hibiscus Hair Oil | CL5: Secure 320 mm | CM5: Napkin L6 | CN5: Napkin L12 | CO5: Napkin XL6 | CP5: Napkin XL12 | CQ5: Napkin XXL6
A6: 1 | B6: Muthumari | C6: Veilaiyeeammal | D6: Refresh | E6: Sankarankovil | F6: 1 | M6: 1 | S6: 1 | V6: 2 | W6: 1 | Z6: 1 | AC6: 1 | AD6: 2 | AE6: 1 | AM6: 1 | AO6: 1 | AQ6: 3 | AS6: 1 | AW6: 1 | CR6: {=SUMPRODUCT($G$4:$CQ$4,G6:CQ6)} -> 3831
A7: 2 | B7: Muthumari | C7: Mageswari D | D7: Joncy super mart | E7: Sivakasi | F7: 1 | J7: 1 | M7: 2 | N7: 1 | S7: 1 | AA7: 1 | AC7: 2 | AF7: 1 | AP7: 1 | AW7: 1 | CE7: 1 | CR7: {=SUMPRODUCT($G$4:$CQ$4,G7:CQ7)} -> 2799
A8: 3 | B8: Muthumari | C8: Maheswari P | D8: Ndr super market | E8: Rajapalayam | F8: 1 | M8: 1 | S8: 1 | V8: 2 | X8: 2 | AA8: 1 | AB8: 1 | AD8: 1 | AE8: 1 | AJ8: 1 | AK8: 2 | AL8: 2 | AQ8: 1 | AU8: 1 | BZ8: 1 | CR8: {=SUMPRODUCT($G$4:$CQ$4,G8:CQ8)} -> 4074
A9: 4 | B9: Muthumari | C9: lakshmi prabha | D9: Joncy mart | E9: Sivakasi | F9: 1 | M9: 1 | N9: 1 | Q9: 1 | R9: 1 | Y9: 1 | AC9: 1 | AD9: 1 | AE9: 1 | AG9: 1 | AJ9: 1 | AM9: 1 | AQ9: 1 | AR9: 1 | AT9: 1 | AV9: 1 | CR9: {=SUMPRODUCT($G$4:$CQ$4,G9:CQ9)} -> 3926
A10: 5 | B10: Muthumari | C10: Muthumari M | D10: Mario super market | E10: Rajapalayam | F10: 1 | M10: 3 | N10: 1 | Q10: 1 | R10: 1 | S10: 1 | T10: 1 | U10: 1 | AA10: 1 | AB10: 1 | AL10: 1 | BD10: 1 | CI10: 1 | CM10: 1 | CO10: 2 | CP10: 1 | CR10: {=SUMPRODUCT($G$4:$CQ$4,G10:CQ10)} -> 4432
A11: 6 | B11: Muthumari | C11: Latha | D11: New balaji | E11: Sivakasi | F11: 1 | N11: 1 | P11: 1 | Q11: 2 | AA11: 3 | AD11: 1 | AQ11: 4 | AV11: 2 | AW11: 2 | AX11: 1 | BL11: 1 | BZ11: 1 | CR11: {=SUMPRODUCT($G$4:$CQ$4,G11:CQ11)} -> 4932
A12: 7 | B12: Muthumari | C12: Kaliswari S | D12: Tamilnadu super market | E12: Rajapalayam | F12: 1 | M12: 2 | Q12: 1 | R12: 1 | T12: 1 | W12: 1 | AB12: 1 | AD12: 1 | AJ12: 1 | AL12: 1 | AQ12: 1 | AS12: 3 | AW12: 3 | AX12: 2 | BW12: 1 | CR12: {=SUMPRODUCT($G$4:$CQ$4,G12:CQ12)} -> 5851
A13: 8 | B13: Muthumari | C13: bahavathi | D13: Jass Super market | E13: Srivilliputhur | F13: 1 | M13: 1 | R13: 1 | Y13: 1 | AC13: 2 | AL13: 1 | AR13: 1 | AS13: 1 | AT13: 1 | AV13: 1 | AX13: 1 | CE13: 1 | CR13: {=SUMPRODUCT($G$4:$CQ$4,G13:CQ13)} -> 3223
A14: 9 | B14: Muthumari | C14: Kala | D14: AkM Super Market | E14: Puliankudi | F14: 1 | M14: 1 | R14: 2 | S14: 1 | V14: 2 | AA14: 4 | AB14: 1 | AE14: 1 | AG14: 1 | AK14: 1 | BZ14: 1 | CI14: 1 | CJ14: 1 | CN14: 1 | CR14: {=SUMPRODUCT($G$4:$CQ$4,G14:CQ14)} -> 5003
A15: 10 | B15: Muthumari | C15: Jeyalakshmi | D15: B Cart | E15: Sivakasi | F15: 1 | R15: 2 | AJ15: 1 | CR15: {=SUMPRODUCT($G$4:$CQ$4,G15:CQ15)} -> 1268
A16: 11 | B16: Muthumari | C16: Selvi | D16: Ambika | E16: Senkottai | CR16: {=SUMPRODUCT($G$4:$CQ$4,G16:CQ16)} -> 0
A17: 12 | B17: Muthumari | C17: Sathya | D17: Velayuthannadar | E17: Surandai | F17: 1 | G17: 1 | I17: 1 | M17: 3 | R17: 1 | V17: 3 | AA17: 1 | AD17: 1 | AI17: 2 | AK17: 1 | AV17: 1 | AW17: 1 | AX17: 1 | BL17: 1 | CR17: {=SUMPRODUCT($G$4:$CQ$4,G17:CQ17)} -> 4375
A18: 13 | B18: Esakkiammal | C18: karthigai | D18: Kumar | E18: kovil | F18: 1 | R18: 1 | V18: 1 | AI18: 1 | AS18: 1 | AW18: 5 | AX18: 10 | BY18: 1 | CD18: 1 | CI18: 1 | CR18: {=SUMPRODUCT($G$4:$CQ$4,G18:CQ18)} -> 6052
A19: 14 | B19: Esakkiammal | C19: valliammal | D19: Balaji super market | E19: Sattur | F19: 1 | M19: 1 | O19: 1 | Q19: 2 | S19: 2 | AC19: 1 | AQ19: 1 | AV19: 7 | BH19: 1 | BR19: 1 | BZ19: 1 | CR19: {=SUMPRODUCT($G$4:$CQ$4,G19:CQ19)} -> 4710
A20: 15 | B20: Esakkiammal | C20: Revathi | D20: Aryaas super market | E20: Tirunelveli | F20: 1 | N20: 2 | V20: 1 | Z20: 1 | AA20: 3 | AC20: 1 | AD20: 1 | AE20: 1 | AF20: 2 | AL20: 1 | AP20: 1 | AQ20: 7 | AR20: 2 | AW20: 1 | BZ20: 1 | CR20: {=SUMPRODUCT($G$4:$CQ$4,G20:CQ20)} -> 5256
A21: 16 | B21: Esakkiammal | C21: esakkiammal | D21: Ganesh | E21: Tirunelveli | F21: 1 | H21: 2 | M21: 2 | AQ21: 1 | AR21: 1 | AS21: 1 | CR21: {=SUMPRODUCT($G$4:$CQ$4,G21:CQ21)} -> 1608
A22: 17 | B22: Esakkiammal | C22: Vasantha S | D22: V.S.R | E22: Thisayanvilai | F22: 1 | U22: 2 | V22: 2 | AA22: 1 | AB22: 3 | AD22: 1 | AG22: 1 | AJ22: 1 | AK22: 3 | AL22: 1 | AS22: 2 | AV22: 2 | CJ22: 1 | CM22: 1 | CR22: {=SUMPRODUCT($G$4:$CQ$4,G22:CQ22)} -> 5406
A23: 18 | B23: Esakkiammal | C23: Mahalakshmi | D23: Pothys | E23: Tirunelveli | F23: 1 | K23: 1 | M23: 2 | P23: 1 | R23: 2 | S23: 3 | U23: 5 | V23: 3 | W23: 1 | AA23: 1 | AB23: 1 | AE23: 1 | AG23: 1 | AJ23: 1 | AK23: 1 | AL23: 2 | AP23: 1 | AQ23: 4 | AR23: 3 | AS23: 2 | AU23: 1 | AV23: 1 | AX23: 1 | BN23: 1 | CR23: {=SUMPRODUCT($G$4:$CQ$4,G23:CQ23)} -> 10092
A24: 19 | B24: Esakkiammal | D24: Nachiyar | E24: Tirunelveli | CR24: {=SUMPRODUCT($G$4:$CQ$4,G24:CQ24)} -> 0
A25: 20 | B25: Esakkiammal | C25: Nagalakshmi | D25: BSF CANTEEN | E25: Tirunelveli | CR25: {=SUMPRODUCT($G$4:$CQ$4,G25:CQ25)} -> 0
A26: 21 | B26: Esakkiammal | D26: Samuel super market | E26: Eral | CR26: {=SUMPRODUCT($G$4:$CQ$4,G26:CQ26)} -> 0
A27: 22 | B27: Esakkiammal | C27: Rooth mari | D27: Abu hanifa store | E27: Tirunelveli | F27: 1 | J27: 1 | M27: 1 | S27: 2 | AC27: 1 | AE27: 1 | AF27: 1 | AR27: 1 | CR27: {=SUMPRODUCT($G$4:$CQ$4,G27:CQ27)} -> 1794
A28: 23 | B28: Esakkiammal | D28: Ayya supermarket | E28: chettikulam | F28: 1 | H28: 1 | I28: 1 | Q28: 1 | R28: 1 | Y28: 2 | Z28: 2 | AB28: 1 | AG28: 1 | AQ28: 4 | AR28: 4 | BN28: 1 | CD28: 1 | CR28: {=SUMPRODUCT($G$4:$CQ$4,G28:CQ28)} -> 5138
A29: 24 | B29: Esakkiammal | C29: Kumaradevi | D29: Five star Supermarket | E29: kallidaikurichi | F29: 1 | N29: 1 | Q29: 1 | AJ29: 1 | CR29: {=SUMPRODUCT($G$4:$CQ$4,G29:CQ29)} -> 892
A30: 25 | B30: Esakkiammal | C30: Remove Shop | D30: Jaya super market | E30: panankudi | CR30: {=SUMPRODUCT($G$4:$CQ$4,G30:CQ30)} -> 0
A31: 26 | B31: Esakkiammal | D31: Anita Super Market | E31: Tirunelveli | CR31: {=SUMPRODUCT($G$4:$CQ$4,G31:CQ31)} -> 0
A32: 27 | B32: Esakkiammal | D32: Sathiya Super Market | E32: Kovilpatti | CR32: {=SUMPRODUCT($G$4:$CQ$4,G32:CQ32)} -> 0
A33: 28 | B33: Viji | C33: Ajitha | D33: Pothys | E33: Nagerkovil | F33: 1 | J33: 2 | M33: 4 | O33: 2 | S33: 2 | AA33: 1 | AC33: 1 | AD33: 2 | AE33: 2 | AG33: 1 | AJ33: 1 | AK33: 1 | AQ33: 2 | BR33: 1 | CR33: {=SUMPRODUCT($G$4:$CQ$4,G33:CQ33)} -> 5318
A34: 29 | B34: Viji | C34: Bindhu | D34: Ganesh | E34: Nagerkovil | F34: 1 | I34: 1 | J34: 1 | AQ34: 1 | AS34: 2 | AX34: 2 | BE34: 1 | CA34: 1 | CR34: {=SUMPRODUCT($G$4:$CQ$4,G34:CQ34)} -> 2295
A35: 30 | B35: Viji | C35: Mahalakshmi | D35: Anantha | E35: Pammam | F35: 1 | AC35: 1 | AJ35: 1 | AS35: 1 | AU35: 1 | AV35: 2 | AW35: 1 | BL35: 2 | BO35: 1 | CI35: 4 | CR35: {=SUMPRODUCT($G$4:$CQ$4,G35:CQ35)} -> 3066
A36: 31 | B36: Viji | C36: Dhanyarani | D36: Varaity | E36: Kaliyakkavilai | F36: 1 | H36: 1 | N36: 1 | S36: 1 | Y36: 5 | Z36: 2 | AC36: 1 | AD36: 1 | AJ36: 2 | AK36: 3 | AO36: 1 | AR36: 1 | AS36: 1 | AT36: 1 | AV36: 2 | AX36: 2 | BG36: 1 | BR36: 1 | BX36: 1 | CE36: 1 | CF36: 1 | CR36: {=SUMPRODUCT($G$4:$CQ$4,G36:CQ36)} -> 7143
A37: 32 | B37: Viji | C37: Girija | D37: Louis | E37: Karunkal | F37: 1 | G37: 1 | H37: 2 | J37: 1 | N37: 1 | O37: 1 | Q37: 2 | U37: 1 | AC37: 4 | AD37: 1 | AE37: 1 | AG37: 1 | AL37: 1 | AO37: 1 | AW37: 2 | AX37: 1 | CB37: 1 | CR37: {=SUMPRODUCT($G$4:$CQ$4,G37:CQ37)} -> 6204
A38: 33 | B38: Viji | C38: Girija | D38: Harris | E38: karungal | CR38: {=SUMPRODUCT($G$4:$CQ$4,G38:CQ38)} -> 0
A39: 34 | B39: Viji | D39: Ramasamy | E39: colochal | CR39: {=SUMPRODUCT($G$4:$CQ$4,G39:CQ39)} -> 0
A40: 35 | B40: Viji | C40: Vinoja | D40: One Shop | E40: Marthandam | F40: 1 | J40: 1 | Q40: 1 | AD40: 1 | AE40: 1 | AQ40: 5 | CR40: {=SUMPRODUCT($G$4:$CQ$4,G40:CQ40)} -> 1834
A41: 36 | B41: Viji | C41: vanitha | D41: Akn | E41: Marthandam | CR41: {=SUMPRODUCT($G$4:$CQ$4,G41:CQ41)} -> 0
A42: 37 | B42: Viji | D42: Robins Hypermarket | E42: Singanallur | CR42: {=SUMPRODUCT($G$4:$CQ$4,G42:CQ42)} -> 0
A43: 38 | B43: Viji | C43: Lakshmi Priya | D43: MS Shopping | E43: Townhall | F43: 1 | AP43: 1 | CC43: 1 | CR43: {=SUMPRODUCT($G$4:$CQ$4,G43:CQ43)} -> 579
A44: 39 | B44: Viji | C44: Gunasundari Saravanan | D44: Thulir | E44: Mettupalayam | F44: 1 | P44: 1 | R44: 1 | AE44: 1 | AL44: 1 | AM44: 1 | AN44: 1 | BL44: 1 | CR44: {=SUMPRODUCT($G$4:$CQ$4,G44:CQ44)} -> 2240
A45: 40 | B45: Viji | D45: Arthi | E45: Mettupalayam | CR45: {=SUMPRODUCT($G$4:$CQ$4,G45:CQ45)} -> 0
A46: 41 | B46: Viji | C46: Premavathi | D46: Arthi | E46: Vadavalli | F46: 1 | O46: 1 | AC46: 1 | CR46: {=SUMPRODUCT($G$4:$CQ$4,G46:CQ46)} -> 739
A47: 42 | B47: Viji | C47: riganaparveen | D47: day2day | E47: kovaipudur | CR47: {=SUMPRODUCT($G$4:$CQ$4,G47:CQ47)} -> 0
A48: 43 | B48: Viji | C48: Sugusk | D48: Rengas | E48: Coimbatore | F48: 1 | AK48: 1 | AL48: 1 | CR48: {=SUMPRODUCT($G$4:$CQ$4,G48:CQ48)} -> 540
A49: 44 | B49: Viji | C49: Kartheeshwari | D49: SGS Super Market | E49: Coimbatore | F49: 1 | G49: 1 | H49: 3 | J49: 2 | R49: 2 | S49: 1 | U49: 1 | AC49: 1 | AG49: 1 | AJ49: 3 | AN49: 1 | AT49: 1 | AW49: 2 | BA49: 1 | BD49: 1 | BP49: 3 | BR49: 1 | CF49: 1 | CR49: {=SUMPRODUCT($G$4:$CQ$4,G49:CQ49)} -> 6704
A50: 45 | B50: Vimal | C50: Ammu | D50: Ready basket | E50: Chennai | F50: 1 | M50: 1 | S50: 2 | AF50: 1 | AK50: 1 | AL50: 2 | BB50: 2 | BF50: 1 | BL50: 1 | BU50: 1 | CI50: 4 | CJ50: 3 | CK50: 1 | CR50: {=SUMPRODUCT($G$4:$CQ$4,G50:CQ50)} -> 4206
A51: 46 | B51: Vimal | C51: Karthika | D51: pandian fancy | E51: Chennai | CR51: {=SUMPRODUCT($G$4:$CQ$4,G51:CQ51)} -> 0
A52: 47 | B52: Vimal | C52: B.Sumithra | D52: New Pandian | E52: T.nagar | F52: 1 | G52: 2 | H52: 1 | K52: 1 | L52: 2 | M52: 1 | O52: 1 | Q52: 1 | S52: 1 | U52: 2 | V52: 1 | AD52: 1 | AQ52: 4 | CR52: {=SUMPRODUCT($G$4:$CQ$4,G52:CQ52)} -> 4352
A53: 48 | B53: Vimal | D53: GIRI | E53: Thabaram | CR53: {=SUMPRODUCT($G$4:$CQ$4,G53:CQ53)} -> 0
A54: 49 | B54: Vimal | D54: Giri | E54: Tnagar | CR54: {=SUMPRODUCT($G$4:$CQ$4,G54:CQ54)} -> 0
A55: 50 | B55: Vimal | D55: Giri | E55: Pallikaranai | CR55: {=SUMPRODUCT($G$4:$CQ$4,G55:CQ55)} -> 0
A56: 51 | B56: Vimal | D56: GIRI | E56: Nanganallur | CR56: {=SUMPRODUCT($G$4:$CQ$4,G56:CQ56)} -> 0
A57: 52 | B57: Vimal | C57: megala | D57: Green Fresh | E57: Tambaram | CR57: {=SUMPRODUCT($G$4:$CQ$4,G57:CQ57)} -> 0
A58: 53 | B58: Vimal | C58: megala | D58: Rajan Departmental Store | E58: Tambaram | F58: 1 | R58: 1 | AB58: 1 | AM58: 2 | AY58: 1 | BA58: 1 | CI58: 2 | CJ58: 1 | CR58: {=SUMPRODUCT($G$4:$CQ$4,G58:CQ58)} -> 2317
A59: 54 | B59: Vimal | C59: megala | D59: Ram Dev | E59: Gunduvanchery | CR59: {=SUMPRODUCT($G$4:$CQ$4,G59:CQ59)} -> 0
A60: 55 | B60: Vimal | C60: Devi | D60: Sun Super market | E60: Madurangam | CR60: {=SUMPRODUCT($G$4:$CQ$4,G60:CQ60)} -> 0
A61: 56 | B61: Vimal | C61: Devi | D61: Sri murugan | E61: Madurangam | F61: 1 | N61: 1 | AA61: 2 | AC61: 2 | AD61: 2 | AL61: 1 | AW61: 2 | AX61: 1 | CD61: 1 | CQ61: 1 | CR61: {=SUMPRODUCT($G$4:$CQ$4,G61:CQ61)} -> 3240
A62: 57 | B62: Vimal | D62: Giri | E62: Chinthamani | CR62: {=SUMPRODUCT($G$4:$CQ$4,G62:CQ62)} -> 0
A63: 58 | B63: Vimal | D63: Giri | E63: Annanagar | CR63: {=SUMPRODUCT($G$4:$CQ$4,G63:CQ63)} -> 0
A64: 59 | B64: Vimal | C64: Sai Lakshmi | D64: vairam Store | E64: Tnagar | CR64: {=SUMPRODUCT($G$4:$CQ$4,G64:CQ64)} -> 0
A65: 60 | B65: Vimal | C65: Revathi E | D65: vv mart | E65: Nanganallur | CR65: {=SUMPRODUCT($G$4:$CQ$4,G65:CQ65)} -> 0
A66: 61 | B66: Vimal | D66: vv mart | E66: sembakkam | CR66: {=SUMPRODUCT($G$4:$CQ$4,G66:CQ66)} -> 0
A67: 62 | B67: Vimal | D67: Blessing | E67: Tambaram | CR67: {=SUMPRODUCT($G$4:$CQ$4,G67:CQ67)} -> 0
A68: 63 | B68: yashmeen banu | C68: Saranya | D68: A.one | E68: Sivagangai | F68: 1 | S68: 1 | U68: 1 | AF68: 1 | AK68: 1 | BD68: 1 | BU68: 2 | BW68: 2 | CB68: 2 | CI68: 6 | CJ68: 1 | CM68: 1 | CR68: {=SUMPRODUCT($G$4:$CQ$4,G68:CQ68)} -> 3636
A69: 64 | B69: yashmeen banu | C69: Kavitha | D69: Orange super market | E69: Paramakudi | F69: 1 | M69: 3 | N69: 4 | AE69: 1 | AK69: 2 | BK69: 2 | BL69: 1 | CR69: {=SUMPRODUCT($G$4:$CQ$4,G69:CQ69)} -> 2289
A70: 65 | B70: yashmeen banu | C70: parsath | D70: Vanavil | E70: Devakottai | CR70: {=SUMPRODUCT($G$4:$CQ$4,G70:CQ70)} -> 0
A71: 66 | B71: yashmeen banu | C71: pandiselvi | D71: natraj super market | E71: thirumangalam | F71: 1 | G71: 1 | H71: 1 | J71: 1 | M71: 1 | Q71: 1 | R71: 2 | Y71: 1 | AF71: 1 | AJ71: 2 | AL71: 1 | AM71: 1 | AP71: 1 | AQ71: 1 | AS71: 2 | AU71: 1 | AW71: 4 | CR71: {=SUMPRODUCT($G$4:$CQ$4,G71:CQ71)} -> 6798
A72: 67 | B72: yashmeen banu | C72: divya | D72: alfaritha | E72: ramnad | F72: 1 | M72: 1 | R72: 2 | AB72: 2 | AC72: 2 | AD72: 4 | AQ72: 2 | AS72: 3 | AX72: 2 | BH72: 1 | BP72: 2 | BQ72: 4 | BR72: 3 | CR72: {=SUMPRODUCT($G$4:$CQ$4,G72:CQ72)} -> 6725
A73: 68 | B73: yashmeen banu | C73: Lakshmi | D73: Anantham super market | E73: theni | CR73: {=SUMPRODUCT($G$4:$CQ$4,G73:CQ73)} -> 0
A74: 69 | B74: yashmeen banu | C74: Anjukam | D74: Elaki shoppin mall | E74: Ramnad | F74: 1 | I74: 1 | K74: 1 | L74: 3 | N74: 2 | S74: 1 | T74: 1 | U74: 1 | AK74: 2 | AQ74: 4 | AS74: 2 | CR74: {=SUMPRODUCT($G$4:$CQ$4,G74:CQ74)} -> 4331
A75: 70 | B75: yashmeen banu | C75: Muthumari | D75: ESHA | E75: Virudhunagar | F75: 1 | Z75: 1 | AA75: 1 | BM75: 1 | BN75: 2 | BW75: 1 | CC75: 2 | CE75: 1 | CF75: 1 | CR75: {=SUMPRODUCT($G$4:$CQ$4,G75:CQ75)} -> 2094
A76: 71 | B76: yashmeen banu | C76: Muthumari | D76: paramiltry canteen | E76: viruthunagar | CR76: {=SUMPRODUCT($G$4:$CQ$4,G76:CQ76)} -> 0
A77: 72 | B77: yashmeen banu | C77: Ellammal | D77: Thirumalai Super MArket | E77: Thirumangalam | F77: 1 | J77: 1 | L77: 1 | M77: 3 | V77: 1 | W77: 2 | Y77: 1 | AB77: 1 | AD77: 1 | AJ77: 2 | AN77: 1 | AU77: 1 | AV77: 1 | CR77: {=SUMPRODUCT($G$4:$CQ$4,G77:CQ77)} -> 3603
A78: 73 | B78: yashmeen banu | C78: Ellammal | D78: Thirumalai department | E78: thirumangalam | CR78: {=SUMPRODUCT($G$4:$CQ$4,G78:CQ78)} -> 0
A79: 74 | B79: yashmeen banu | C79: Arthi | D79: Almass super market | E79: Devakottai | F79: 1 | M79: 1 | BL79: 1 | CO79: 1 | CR79: {=SUMPRODUCT($G$4:$CQ$4,G79:CQ79)} -> 558
A80: 75 | B80: yashmeen banu | C80: Nandhini | D80: Udhayam | E80: Thirupattur | F80: 1 | J80: 1 | N80: 1 | Q80: 2 | R80: 2 | U80: 1 | X80: 4 | AB80: 2 | AC80: 1 | AD80: 1 | AE80: 1 | AF80: 1 | AO80: 1 | AW80: 1 | CR80: {=SUMPRODUCT($G$4:$CQ$4,G80:CQ80)} -> 5209
A81: 76 | B81: yashmeen banu | C81: Pakkiya | D81: Karuvapillai SM | E81: thirumangalam | F81: 1 | M81: 1 | N81: 1 | AB81: 1 | AQ81: 1 | AS81: 1 | AW81: 1 | CR81: {=SUMPRODUCT($G$4:$CQ$4,G81:CQ81)} -> 1440
A82: 77 | B82: yashmeen banu | C82: Nambeeswari | D82: Koyambedu SM | E82: Ramnad | F82: 1 | G82: 1 | J82: 1 | O82: 1 | R82: 3 | V82: 1 | W82: 1 | Z82: 1 | AA82: 1 | AB82: 1 | AC82: 1 | AD82: 5 | AE82: 1 | AK82: 2 | AS82: 1 | CR82: {=SUMPRODUCT($G$4:$CQ$4,G82:CQ82)} -> 6010
A83: 78 | B83: yashmeen banu | C83: Uma Devi | D83: Rathinam SM | E83: Usilampatti | F83: 1 | J83: 1 | M83: 1 | P83: 1 | Q83: 1 | X83: 2 | AB83: 2 | AC83: 1 | AD83: 1 | AE83: 1 | AG83: 1 | AK83: 1 | CR83: {=SUMPRODUCT($G$4:$CQ$4,G83:CQ83)} -> 3560
A84: 78 | B84: yashmeen banu | C84: Sankareshwari S | D84: Gupta Cosmetics | E84: Kilakkuvasal | F84: 1 | L84: 1 | N84: 1 | O84: 1 | P84: 1 | R84: 1 | AA84: 1 | AC84: 1 | CR84: {=SUMPRODUCT($G$4:$CQ$4,G84:CQ84)} -> 2448
A85: 79 | B85: vennila | C85: kousalya | D85: bsf canteen | E85: katpadi | F85: 1 | M85: 1 | R85: 3 | T85: 2 | W85: 1 | AA85: 1 | AC85: 3 | AD85: 1 | AJ85: 2 | AK85: 1 | AL85: 1 | AQ85: 1 | AS85: 2 | AU85: 1 | AV85: 1 | AW85: 1 | CR85: {=SUMPRODUCT($G$4:$CQ$4,G85:CQ85)} -> 6574
A86: 80 | B86: vennila | C86: sharmila | D86: paneer super market 3 | E86: Tiruvannamalai | F86: 1 | M86: 1 | N86: 1 | S86: 1 | U86: 1 | W86: 1 | AQ86: 1 | CR86: {=SUMPRODUCT($G$4:$CQ$4,G86:CQ86)} -> 1044
A87: 81 | B87: vennila | C87: santhiya | D87: new poombuhar | E87: vengikal | F87: 1 | K87: 1 | P87: 1 | R87: 1 | AD87: 2 | AF87: 1 | AQ87: 1 | AR87: 1 | AS87: 1 | AX87: 2 | BZ87: 1 | CR87: {=SUMPRODUCT($G$4:$CQ$4,G87:CQ87)} -> 3272
A88: 82 | B88: vennila | C88: Anbarasi | D88: sri ranga | E88: gingee | F88: 1 | AF88: 1 | AQ88: 1 | BW88: 1 | CR88: {=SUMPRODUCT($G$4:$CQ$4,G88:CQ88)} -> 495
A89: 83 | B89: vennila | C89: vidya | D89: vadamalai | E89: tirupattur | F89: 1 | Q89: 1 | R89: 1 | AA89: 1 | AC89: 1 | AR89: 1 | AW89: 1 | CR89: {=SUMPRODUCT($G$4:$CQ$4,G89:CQ89)} -> 2156
A90: 84 | B90: vennila | C90: Bhuvaneswari | D90: PANEER 2 | E90: Tiruvannamalai | CR90: {=SUMPRODUCT($G$4:$CQ$4,G90:CQ90)} -> 0
A91: 85 | B91: vennila | C91: Tamilarasi | D91: vasavi | E91: vandavasi | F91: 1 | W91: 1 | AE91: 1 | AJ91: 1 | AQ91: 1 | AS91: 1 | AT91: 2 | CR91: {=SUMPRODUCT($G$4:$CQ$4,G91:CQ91)} -> 1620
A92: 86 | B92: vennila | C92: Punitha D | D92: sri balaji | E92: gingee | F92: 1 | N92: 1 | O92: 1 | U92: 2 | AC92: 1 | AI92: 1 | AT92: 1 | CR92: {=SUMPRODUCT($G$4:$CQ$4,G92:CQ92)} -> 1552
A93: 86 | B93: vennila | C93: Anitha | D93: Pothys | E93: Pondicherry | CR93: {=SUMPRODUCT($G$4:$CQ$4,G93:CQ93)} -> 0
A94: 87 | B94: Anmary | C94: Mathavi | D94: Janapriya | E94: pudukottai | F94: 1 | J94: 2 | M94: 2 | N94: 2 | AQ94: 3 | AS94: 1 | BM94: 2 | CR94: {=SUMPRODUCT($G$4:$CQ$4,G94:CQ94)} -> 2016
A95: 88 | B95: Anmary | C95: Ramya | D95: National shopping | E95: Kumbankonam | F95: 1 | AM95: 1 | BP95: 1 | BQ95: 1 | BW95: 1 | CR95: {=SUMPRODUCT($G$4:$CQ$4,G95:CQ95)} -> 720
A96: 89 | B96: Anmary | D96: National SM | E96: Ponnamaravathi | CR96: {=SUMPRODUCT($G$4:$CQ$4,G96:CQ96)} -> 0
A97: 90 | B97: Anmary | D97: Kurinji Max | E97: Kumbankonam | CR97: {=SUMPRODUCT($G$4:$CQ$4,G97:CQ97)} -> 0
A98: 91 | B98: Anmary | C98: Rajmeena | D98: Balaji super store | E98: usilampatti | F98: 1 | L98: 1 | N98: 1 | P98: 1 | R98: 1 | AA98: 1 | AD98: 1 | AE98: 3 | CR98: {=SUMPRODUCT($G$4:$CQ$4,G98:CQ98)} -> 2489
A99: 91 | B99: Anmary | C99: Jancy | D99: Keerthi Super Market | E99: Vedasandhur | F99: 1 | J99: 1 | Q99: 1 | Y99: 2 | AD99: 2 | AL99: 1 | AM99: 1 | AN99: 2 | AR99: 1 | CR99: {=SUMPRODUCT($G$4:$CQ$4,G99:CQ99)} -> 2968
A100: 91 | B100: Anmary | C100: Bhanupriya | D100: SVR Super Market | E100: Dindigul | CR100: {=SUMPRODUCT($G$4:$CQ$4,G100:CQ100)} -> 0
...

Sheet 5
A1: BA DAILY SALES DETAILS
G2: NEW PRODUCTS | AY2: OLD PRODUCTS | CR2: VALUE IN MRP
A3: S.NO | B3: SUPERVISORS | C3: BA NAME | D3: OUTLET NAME | E3: TOWN | F3: Present | G3: FACE CARE | V3: BODY CARE | AH3: HAIR CARE | AT3: PERSONAL CARE | AY3: FACE CARE | BN3: BODY CARE | BZ3: HAIR CARE | CL3: PERSONAL CARE
G4: 330 | H4: 195 | I4: 330 | J4: 195 | K4: 195 | L4: 294 | M4: 177 | N4: 123 | O4: 499 | P4: 499 | Q4: 499 | R4: 499 | S4: 249 | T4: 299 | U4: 150 | V4: 195 | W4: 195 | X4: 195 | Y4: 195 | Z4: 195 | AA4: 294 | AB4: 240 | AC4: 240 | AD4: 195 | AE4: 195 | AF4: 195 | AG4: 420 | AH4: 222 | AI4: 195 | AJ4: 270 | AK4: 270 | AL4: 270 | AM4: 270 | AN4: 330 | AO4: 330 | AP4: 330 | AQ4: 150 | AR4: 294 | AS4: 420 | AT4: 195 | AU4: 294 | AV4: 204 | AW4: 330 | AX4: 240 | AY4: 222 | AZ4: 150 | BA4: 222 | BB4: 150 | BC4: 150 | BD4: 195 | BE4: 150 | BF4: 78 | BG4: 420 | BH4: 420 | BI4: 375 | BJ4: 420 | BK4: 177 | BL4: 177 | BM4: 78 | BN4: 150 | BO4: 150 | BP4: 150 | BQ4: 150 | BR4: 150 | BS4: 240 | BT4: 195 | BU4: 195 | BV4: 150 | BW4: 150 | BX4: 150 | BY4: 294 | BZ4: 150 | CA4: 150 | CB4: 249 | CC4: 249 | CD4: 249 | CE4: 249 | CF4: 330 | CG4: 330 | CH4: 330 | CI4: 150 | CJ4: 294 | CK4: 294 | CL4: 300 | CM4: 195 | CN4: 294 | CO4: 204 | CP4: 330 | CQ4: 240
G5: Gold Facial | H5: Face Wash | I5: Hibiscus Powder | J5: Nalangu Powder | K5: Orange Peel | L5: Rose petals | M5: Kasthuri Manjal | N5: Multani Mitti | O5: Vitamin C Serum | P5: Saffron Serum | Q5: Vitamin C Cream | R5: Saffron Cream | S5: Aleovera Gel (W) | T5: Aleovera Gel (G) | U5: Rose Mist | V5: Pungam Oil Soap | W5: Mahua Oil Soap | X5: Coconut Oil Soap | Y5: Six Oil Soap | Z5: Papaya Soap | AA5: Milk Saffron Soap | AB5: Manjistha Soap | AC5: Vitamin C Soap | AD5: Goat Milk Soap | AE5: Charcoal Soap | AF5: Herbal Soap | AG5: Gold Soap | AH5: Henna Powder | AI5: Hair Wash Powder | AJ5: Rosemary Shampoo | AK5: Onion Shampoo | AL5: Bhringraj Shampoo | AM5: Flaxseed Shampoo | AN5: Flaxseed Conditioner | AO5: Rosemery Conditioner | AP5: Bhringraj Conditioner | AQ5: Hair Color (10g) | AR5: Hair Color (20g) | AS5: Hibiscus Hair Oil | AT5: Napkin L6 | AU5: Napkin L12 | AV5: Napkin XL6 | AW5: Napkin XL12 | AX5: Napkin XXL6 | AY5: Gold Facial | AZ5: Face Wash | BA5: Hibiscus Powder | BB5: Nalangu Powder | BC5: Orange Peel | BD5: Rose petals | BE5: Kasthuri Manjal | BF5: Multani Mitti | BG5: Vitamin C Serum | BH5: Saffron Serum | BI5: Vitamin C Cream | BJ5: Saffron Cream | BK5: Aleovera Gel (W) | BL5: Aleovera Gel (G) | BM5: Rose Mist | BN5: Pungam Oil Soap | BO5: Mahua Oil Soap | BP5: Coconut Oil Soap | BQ5: Six Oil Soap | BR5: Papaya Soap | BS5: Milk Saffron Soap | BT5: Manjistha Soap | BU5: Vitamin C Soap | BV5: Goat Milk Soap | BW5: Charcoal Soap | BX5: Herbal Soap | BY5: Gold Soap | BZ5: Henna Powder | CA5: Hair Wash Powder | CB5: Rosemary Shampoo | CC5: Onion Shampoo | CD5: Bhringraj Shampoo | CE5: Flaxseed Shampoo | CF5: Flaxseed Conditioner | CG5: Rosemery Conditioner | CH5: Bhringraj Conditioner | CI5: Hair Color (10g) | CJ5: Hair Color (20g) | CK5: Hibiscus Hair Oil | CL5: Secure 320 mm | CM5: Napkin L6 | CN5: Napkin L12 | CO5: Napkin XL6 | CP5: Napkin XL12 | CQ5: Napkin XXL6
A6: 1 | B6: Muthumari | C6: Veilaiyeeammal | D6: Refresh | E6: Sankarankovil | F6: 1 | Q6: 1 | S6: 1 | W6: 1 | Z6: 2 | AA6: 1 | AD6: 1 | AJ6: 1 | AM6: 1 | AQ6: 2 | AW6: 1 | AX6: 1 | BQ6: 1 | CR6: {=SUMPRODUCT($G$4:$CQ$4,G6:CQ6)} -> 3382
A7: 2 | B7: Muthumari | C7: Mageswari D | D7: Joncy super mart | E7: Sivakasi | F7: 1 | M7: 2 | Q7: 1 | R7: 1 | W7: 2 | Z7: 1 | AA7: 2 | AD7: 3 | AF7: 1 | AL7: 1 | AQ7: 1 | AW7: 1 | AZ7: 1 | BY7: 2 | CR7: {=SUMPRODUCT($G$4:$CQ$4,G7:CQ7)} -> 4793
A8: 3 | B8: Muthumari | C8: Maheswari P | D8: Ndr super market | E8: Rajapalayam | F8: 1 | N8: 2 | S8: 1 | AB8: 1 | AE8: 1 | AL8: 1 | AQ8: 4 | AS8: 2 | AU8: 4 | AX8: 1 | BO8: 1 | CE8: 1 | CR8: {=SUMPRODUCT($G$4:$CQ$4,G8:CQ8)} -> 4455
A9: 4 | B9: Muthumari | C9: lakshmi prabha | D9: Joncy mart | E9: Sivakasi | F9: 1 | K9: 1 | L9: 1 | M9: 1 | P9: 1 | Q9: 2 | R9: 2 | S9: 1 | U9: 1 | V9: 2 | Y9: 1 | Z9: 1 | AA9: 2 | AB9: 1 | AC9: 3 | AD9: 3 | AG9: 2 | AJ9: 5 | AM9: 1 | AQ9: 3 | AS9: 2 | AW9: 2 | AX9: 1 | BO9: 1 | BP9: 1 | CR9: {=SUMPRODUCT($G$4:$CQ$4,G9:CQ9)} -> 11423
A10: 5 | B10: Muthumari | C10: Muthumari M | D10: Mario super market | E10: Rajapalayam | F10: 1 | M10: 4 | Q10: 1 | S10: 1 | AD10: 2 | AJ10: 1 | AK10: 4 | AQ10: 8 | CR10: {=SUMPRODUCT($G$4:$CQ$4,G10:CQ10)} -> 4396
A11: 6 | B11: Muthumari | C11: Latha | D11: New balaji | E11: Sivakasi | F11: 1 | N11: 1 | O11: 1 | P11: 1 | R11: 1 | S11: 1 | U11: 1 | AA11: 1 | AB11: 3 | AC11: 1 | AD11: 1 | AJ11: 1 | AN11: 1 | AT11: 2 | AU11: 1 | AV11: 2 | AW11: 1 | AX11: 1 | BD11: 1 | BO11: 1 | CR11: {=SUMPRODUCT($G$4:$CQ$4,G11:CQ11)} -> 6075
A12: 7 | B12: Muthumari | C12: Kaliswari S | D12: Tamilnadu super market | E12: Rajapalayam | F12: 1 | Q12: 1 | V12: 1 | AC12: 2 | AD12: 1 | AJ12: 1 | AL12: 1 | AS12: 1 | AV12: 1 | AW12: 1 | CR12: {=SUMPRODUCT($G$4:$CQ$4,G12:CQ12)} -> 2863
A13: 8 | B13: Muthumari | C13: bahavathi | D13: Jass Super market | E13: Srivilliputhur | F13: 1 | J13: 1 | M13: 1 | T13: 1 | V13: 2 | AB13: 1 | AC13: 1 | AJ13: 3 | AL13: 1 | AQ13: 1 | AS13: 3 | AV13: 1 | AW13: 1 | AX13: 1 | AZ13: 1 | BY13: 2 | CE13: 1 | CR13: {=SUMPRODUCT($G$4:$CQ$4,G13:CQ13)} -> 5792
A14: 9 | B14: Muthumari | C14: Kala | D14: AkM Super Market | E14: Puliankudi | F14: 1 | I14: 1 | M14: 1 | N14: 2 | S14: 1 | W14: 3 | AA14: 1 | AC14: 4 | AD14: 1 | AG14: 2 | AK14: 2 | CR14: {=SUMPRODUCT($G$4:$CQ$4,G14:CQ14)} -> 4416
A15: 10 | B15: Muthumari | C15: Jeyalakshmi | D15: B Cart | E15: Sivakasi | F15: 1 | N15: 1 | AC15: 1 | AK15: 1 | AR15: 1 | AV15: 1 | AZ15: 1 | BZ15: 1 | CR15: {=SUMPRODUCT($G$4:$CQ$4,G15:CQ15)} -> 1431
A16: 11 | B16: Muthumari | C16: Selvi | D16: Ambika | E16: Senkottai | CR16: {=SUMPRODUCT($G$4:$CQ$4,G16:CQ16)} -> 0
A17: 12 | B17: Muthumari | C17: Sathya | D17: Velayuthannadar | E17: Surandai | F17: 1 | M17: 1 | Q17: 1 | R17: 1 | X17: 1 | AH17: 1 | AK17: 1 | AM17: 1 | AW17: 1 | CR17: {=SUMPRODUCT($G$4:$CQ$4,G17:CQ17)} -> 2462
A18: 13 | B18: Esakkiammal | C18: karthigai | D18: Kumar | E18: kovil | F18: 1 | M18: 1 | R18: 1 | AV18: 1 | AW18: 1 | BW18: 1 | CI18: 1 | CR18: {=SUMPRODUCT($G$4:$CQ$4,G18:CQ18)} -> 1510
A19: 14 | B19: Esakkiammal | C19: valliammal | D19: Balaji super market | E19: Sattur | F19: 1 | N19: 1 | S19: 1 | U19: 1 | Z19: 1 | AB19: 1 | AC19: 3 | AJ19: 2 | AK19: 1 | AO19: 2 | AQ19: 2 | AV19: 1 | BS19: 1 | BW19: 2 | CR19: {=SUMPRODUCT($G$4:$CQ$4,G19:CQ19)} -> 4191
A20: 15 | B20: Esakkiammal | C20: Revathi | D20: Aryaas super market | E20: Tirunelveli | F20: 1 | N20: 1 | O20: 1 | R20: 2 | S20: 1 | W20: 2 | AC20: 2 | AI20: 1 | AJ20: 1 | AQ20: 3 | AS20: 1 | AT20: 1 | AV20: 2 | CR20: {=SUMPRODUCT($G$4:$CQ$4,G20:CQ20)} -> 4677
A21: 16 | B21: Esakkiammal | C21: esakkiammal | D21: Ganesh | E21: Tirunelveli | F21: 1 | H21: 1 | J21: 2 | M21: 3 | AA21: 1 | AQ21: 2 | AX21: 2 | CR21: {=SUMPRODUCT($G$4:$CQ$4,G21:CQ21)} -> 2190
A22: 17 | B22: Esakkiammal | C22: Vasantha S | D22: V.S.R | E22: Thisayanvilai | F22: 1 | G22: 1 | H22: 1 | J22: 2 | N22: 1 | AD22: 4 | AF22: 2 | AM22: 1 | AO22: 1 | AP22: 1 | AV22: 2 | BO22: 1 | BP22: 2 | BQ22: 2 | BZ22: 1 | CM22: 1 | CR22: {=SUMPRODUCT($G$4:$CQ$4,G22:CQ22)} -> 4641
A23: 18 | B23: Esakkiammal | C23: Mahalakshmi | D23: Pothys | E23: Tirunelveli | F23: 1 | H23: 1 | K23: 1 | M23: 3 | S23: 1 | T23: 2 | X23: 2 | Z23: 3 | AB23: 6 | AC23: 3 | AD23: 2 | AE23: 1 | AG23: 2 | AQ23: 1 | AR23: 4 | AS23: 4 | AX23: 2 | BJ23: 2 | CR23: {=SUMPRODUCT($G$4:$CQ$4,G23:CQ23)} -> 10654
A24: 19 | B24: Esakkiammal | D24: Nachiyar | E24: Tirunelveli | F24: 1 | M24: 1 | Q24: 1 | U24: 2 | Z24: 1 | AC24: 3 | AD24: 1 | AH24: 1 | AK24: 2 | AQ24: 1 | AR24: 1 | AU24: 1 | AW24: 1 | CH24: 1 | CR24: {=SUMPRODUCT($G$4:$CQ$4,G24:CQ24)} -> 4246
A25: 20 | B25: Esakkiammal | C25: Nagalakshmi | D25: BSF CANTEEN | E25: Tirunelveli | CR25: {=SUMPRODUCT($G$4:$CQ$4,G25:CQ25)} -> 0
A26: 21 | B26: Esakkiammal | D26: Samuel super market | E26: Eral | CR26: {=SUMPRODUCT($G$4:$CQ$4,G26:CQ26)} -> 0
